,type
0,Foundation / Endowment
3,Insurance Company
4,Private Pension Fund
6,Public Pension Fund
7,Public Pension Fund
9,Private Pension Fund
10,Foundation / Endowment
11,Foundation / Endowment
13,Foundation / Endowment
14,Insurance Company
15,Foundation / Endowment
16,Foundation / Endowment
17,Foundation / Endowment
18,Asset Manager
19,Foundation / Endowment
25,Public Pension Fund
26,Public Pension Fund
27,Public Pension Fund
28,Private Pension Fund
29,Insurance Company
30,Family Office
31,Bank / Financial Services
32,Private Pension Fund
34,Foundation / Endowment
36,Private Pension Fund
37,Family Office
38,Foundation / Endowment
39,Foundation / Endowment
42,Private Pension Fund
44,Public Pension Fund
45,Foundation / Endowment
46,Private Pension Fund
47,Foundation / Endowment
48,Foundation / Endowment
49,Foundation / Endowment
50,Foundation / Endowment
51,Foundation / Endowment
52,Public Pension Fund
53,Public Pension Fund
54,Public Pension Fund
56,Foundation / Endowment
58,Foundation / Endowment
59,Foundation / Endowment
61,Public Pension Fund
62,Foundation / Endowment
63,Foundation / Endowment
64,Public Pension Fund
65,Public Pension Fund
66,Public Pension Fund
67,Foundation / Endowment
68,Public Pension Fund
69,Public Pension Fund
71,Foundation / Endowment
72,Foundation / Endowment
73,Foundation / Endowment
74,Foundation / Endowment
75,Foundation / Endowment
76,Foundation / Endowment
77,Public Pension Fund
78,Public Pension Fund
79,Foundation / Endowment
80,Bank / Financial Services
81,Private Pension Fund
82,Foundation / Endowment
85,Public Pension Fund
86,Foundation / Endowment
88,Foundation / Endowment
89,Private Pension Fund
90,Public Pension Fund
91,Private Pension Fund
92,Foundation / Endowment
94,Public Pension Fund
95,Private Pension Fund
96,Private Pension Fund
97,Private Pension Fund
98,Corporate
99,Foundation / Endowment
100,Foundation / Endowment
101,Private Pension Fund
102,Foundation / Endowment
103,Foundation / Endowment
104,Private Pension Fund
105,Private Pension Fund
106,Private Pension Fund
107,Foundation / Endowment
108,Foundation / Endowment
109,Foundation / Endowment
110,Private Pension Fund
111,Foundation / Endowment
112,Private Pension Fund
113,Public Pension Fund
114,Private Pension Fund
116,Private Pension Fund
117,Investment Firm
118,Public Pension Fund
119,Foundation / Endowment
120,Private Pension Fund
121,Foundation / Endowment
123,Foundation / Endowment
124,Private Pension Fund
125,Foundation / Endowment
126,Foundation / Endowment
127,Foundation / Endowment
128,Foundation / Endowment
129,Foundation / Endowment
130,Private Pension Fund
131,Foundation / Endowment
132,Foundation / Endowment
133,Foundation / Endowment
134,Public Pension Fund
135,Foundation / Endowment
136,Foundation / Endowment
138,Foundation / Endowment
139,Foundation / Endowment
141,Corporate
142,Investment Firm
144,Foundation / Endowment
145,Public Pension Fund
146,Public Pension Fund
147,Public Pension Fund
148,Foundation / Endowment
149,Foundation / Endowment
150,Private Pension Fund
152,Private Pension Fund
153,Public Pension Fund
154,Public Pension Fund
155,Public Pension Fund
156,Foundation / Endowment
157,Private Pension Fund
159,Public Pension Fund
161,Foundation / Endowment
162,Foundation / Endowment
163,Foundation / Endowment
164,Foundation / Endowment
165,Foundation / Endowment
166,Foundation / Endowment
167,Foundation / Endowment
168,Foundation / Endowment
169,Public Pension Fund
170,Foundation / Endowment
171,Public Pension Fund
172,Bank / Financial Services
174,Private Pension Fund
175,Public Pension Fund
176,Foundation / Endowment
178,Insurance Company
179,Private Pension Fund
180,Foundation / Endowment
183,Public Pension Fund
184,Public Pension Fund
185,Public Pension Fund
186,Public Pension Fund
187,Foundation / Endowment
188,Public Pension Fund
189,Public Pension Fund
190,Foundation / Endowment
192,Public Pension Fund
193,Foundation / Endowment
194,Foundation / Endowment
195,Foundation / Endowment
196,Insurance Company
197,Foundation / Endowment
198,Foundation / Endowment
200,Government Related Investment Organisation
201,Foundation / Endowment
202,Foundation / Endowment
203,Public Pension Fund
204,Insurance Company
205,Government Related Investment Organisation
206,Private Pension Fund
207,Government Related Investment Organisation
209,Corporate
211,Foundation / Endowment
212,Insurance Company
213,Foundation / Endowment
214,Foundation / Endowment
216,Foundation / Endowment
217,Public Pension Fund
218,Family Office
219,Insurance Company
221,Public Pension Fund
222,Public Pension Fund
223,Sovereign Wealth Fund
224,Private Pension Fund
225,Public Pension Fund
226,Foundation / Endowment
228,Public Pension Fund
229,Private Pension Fund
230,Foundation / Endowment
231,Private Pension Fund
232,Insurance Company
233,Investment Firm
235,Public Pension Fund
236,Public Pension Fund
237,Public Pension Fund
238,Government Related Investment Organisation
239,Public Pension Fund
243,Public Pension Fund
244,Public Pension Fund
245,Government Related Investment Organisation
246,Insurance Company
247,Private Pension Fund
249,Insurance Company
250,Corporate
251,Public Pension Fund
252,Public Pension Fund
253,Foundation / Endowment
255,Investment Firm
256,Corporate
257,Foundation / Endowment
259,Public Pension Fund
261,Foundation / Endowment
262,Public Pension Fund
263,Foundation / Endowment
264,Insurance Company
265,Foundation / Endowment
266,Private Pension Fund
267,Public Pension Fund
268,Public Pension Fund
269,Private Pension Fund
271,Foundation / Endowment
272,Public Pension Fund
273,Foundation / Endowment
274,Foundation / Endowment
275,Foundation / Endowment
276,Foundation / Endowment
277,Foundation / Endowment
278,Private Pension Fund
279,Public Pension Fund
280,Public Pension Fund
281,Public Pension Fund
282,Public Pension Fund
283,Public Pension Fund
284,Private Pension Fund
286,Private Pension Fund
288,Family Office
289,Insurance Company
290,Public Pension Fund
291,Public Pension Fund
294,Foundation / Endowment
295,Public Pension Fund
296,Private Pension Fund
297,Bank / Financial Services
298,Private Pension Fund
299,Foundation / Endowment
300,Insurance Company
301,Public Pension Fund
302,Public Pension Fund
303,Public Pension Fund
304,Public Pension Fund
305,Public Pension Fund
309,Foundation / Endowment
310,Foundation / Endowment
311,Private Pension Fund
312,Public Pension Fund
313,Public Pension Fund
315,Public Pension Fund
316,Public Pension Fund
317,Private Pension Fund
318,Public Pension Fund
319,Foundation / Endowment
320,Foundation / Endowment
321,Insurance Company
322,Foundation / Endowment
323,Foundation / Endowment
324,Foundation / Endowment
326,Private Pension Fund
328,Corporate
329,Private Pension Fund
330,Foundation / Endowment
331,Foundation / Endowment
332,Public Pension Fund
333,Foundation / Endowment
335,Insurance Company
336,Private Pension Fund
337,Public Pension Fund
338,Public Pension Fund
339,Private Pension Fund
340,Private Pension Fund
341,Foundation / Endowment
342,Foundation / Endowment
343,Foundation / Endowment
344,Foundation / Endowment
345,Foundation / Endowment
346,Foundation / Endowment
347,Foundation / Endowment
348,Foundation / Endowment
349,Foundation / Endowment
350,Foundation / Endowment
351,Foundation / Endowment
352,Foundation / Endowment
353,Foundation / Endowment
354,Foundation / Endowment
355,Foundation / Endowment
357,Foundation / Endowment
358,Foundation / Endowment
359,Foundation / Endowment
361,Private Pension Fund
362,Public Pension Fund
363,Foundation / Endowment
364,Foundation / Endowment
365,Foundation / Endowment
366,Foundation / Endowment
367,Private Pension Fund
368,Public Pension Fund
369,Foundation / Endowment
370,Private Pension Fund
371,Foundation / Endowment
372,Foundation / Endowment
373,Foundation / Endowment
374,Public Pension Fund
375,Fund of Funds Manager
376,Foundation / Endowment
377,Foundation / Endowment
378,Insurance Company
379,Foundation / Endowment
383,Public Pension Fund
384,Family Office
385,Foundation / Endowment
387,Foundation / Endowment
388,Family Office
390,Foundation / Endowment
391,Public Pension Fund
392,Public Pension Fund
393,Private Pension Fund
394,Foundation / Endowment
395,Private Pension Fund
398,Public Pension Fund
399,Public Pension Fund
400,Public Pension Fund
401,Public Pension Fund
402,Public Pension Fund
403,Public Pension Fund
404,Public Pension Fund
405,Public Pension Fund
406,Public Pension Fund
407,Public Pension Fund
408,Private Pension Fund
409,Government Related Investment Organisation
411,Private Pension Fund
412,Public Pension Fund
413,Public Pension Fund
414,Government Related Investment Organisation
415,Public Pension Fund
416,Public Pension Fund
417,Public Pension Fund
418,Public Pension Fund
419,Public Pension Fund
420,Foundation / Endowment
422,Public Pension Fund
423,Foundation / Endowment
424,Public Pension Fund
425,Foundation / Endowment
426,Foundation / Endowment
427,Foundation / Endowment
428,Foundation / Endowment
429,Public Pension Fund
430,Private Pension Fund
431,Public Pension Fund
432,Foundation / Endowment
433,Public Pension Fund
434,Foundation / Endowment
435,Foundation / Endowment
436,Foundation / Endowment
437,Foundation / Endowment
438,Foundation / Endowment
439,Foundation / Endowment
440,Foundation / Endowment
441,Foundation / Endowment
442,Foundation / Endowment
443,Foundation / Endowment
444,Foundation / Endowment
446,Foundation / Endowment
447,Foundation / Endowment
448,Foundation / Endowment
449,Foundation / Endowment
450,Foundation / Endowment
451,Foundation / Endowment
452,Foundation / Endowment
453,Foundation / Endowment
454,Foundation / Endowment
455,Foundation / Endowment
456,Foundation / Endowment
457,Foundation / Endowment
459,Foundation / Endowment
460,Foundation / Endowment
461,Foundation / Endowment
462,Foundation / Endowment
463,Foundation / Endowment
465,Foundation / Endowment
466,Foundation / Endowment
467,Foundation / Endowment
468,Foundation / Endowment
469,Foundation / Endowment
470,Foundation / Endowment
471,Foundation / Endowment
472,Foundation / Endowment
473,Foundation / Endowment
474,Foundation / Endowment
475,Foundation / Endowment
476,Foundation / Endowment
477,Foundation / Endowment
478,Foundation / Endowment
479,Foundation / Endowment
480,Foundation / Endowment
481,Foundation / Endowment
482,Foundation / Endowment
483,Foundation / Endowment
484,Foundation / Endowment
485,Foundation / Endowment
486,Foundation / Endowment
487,Foundation / Endowment
488,Foundation / Endowment
489,Foundation / Endowment
490,Foundation / Endowment
491,Foundation / Endowment
492,Foundation / Endowment
493,Foundation / Endowment
494,Foundation / Endowment
495,Foundation / Endowment
497,Foundation / Endowment
498,Foundation / Endowment
499,Foundation / Endowment
500,Foundation / Endowment
501,Foundation / Endowment
502,Foundation / Endowment
503,Foundation / Endowment
504,Foundation / Endowment
505,Foundation / Endowment
506,Foundation / Endowment
507,Foundation / Endowment
508,Foundation / Endowment
509,Foundation / Endowment
510,Foundation / Endowment
511,Foundation / Endowment
512,Foundation / Endowment
513,Foundation / Endowment
514,Foundation / Endowment
515,Foundation / Endowment
516,Foundation / Endowment
517,Foundation / Endowment
518,Foundation / Endowment
519,Foundation / Endowment
520,Foundation / Endowment
521,Foundation / Endowment
522,Foundation / Endowment
523,Foundation / Endowment
524,Foundation / Endowment
525,Foundation / Endowment
526,Foundation / Endowment
527,Foundation / Endowment
528,Foundation / Endowment
529,Foundation / Endowment
530,Foundation / Endowment
531,Foundation / Endowment
532,Foundation / Endowment
533,Foundation / Endowment
534,Foundation / Endowment
535,Foundation / Endowment
536,Foundation / Endowment
537,Foundation / Endowment
539,Foundation / Endowment
540,Foundation / Endowment
541,Insurance Company
542,Insurance Company
543,Insurance Company
544,Insurance Company
546,Private Pension Fund
547,Insurance Company
548,Insurance Company
549,Insurance Company
550,Insurance Company
551,Insurance Company
552,Insurance Company
553,Insurance Company
554,Insurance Company
559,Investment Firm
560,Insurance Company
563,Private Pension Fund
564,Asset Manager
566,Private Pension Fund
567,Family Office
568,Investment Firm
569,Gatekeepers
570,Asset Manager
571,Private Pension Fund
573,Asset Manager
575,Private Pension Fund
577,Private Pension Fund
581,Private Pension Fund
583,Private Pension Fund
584,Corporate
585,Foundation / Endowment
587,Investment Firm
588,Asset Manager
590,Corporate
591,Private Pension Fund
592,Fund of Funds Manager
594,Private Pension Fund
596,Insurance Company
597,Gatekeepers
599,Private Pension Fund
600,Fund of Funds Manager
601,Private Pension Fund
602,Fund of Funds Manager
603,Foundation / Endowment
604,Private Pension Fund
605,Private Pension Fund
606,Private Pension Fund
608,Private Pension Fund
609,Bank / Financial Services
610,Corporate
611,Private Pension Fund
612,Fund of Funds Manager
613,Family Office
616,Fund of Funds Manager
617,Bank / Financial Services
618,Fund of Funds Manager
620,Fund of Funds Manager
621,Private Pension Fund
622,Asset Manager
623,Private Pension Fund
624,Foundation / Endowment
625,Foundation / Endowment
627,Public Pension Fund
628,Private Pension Fund
629,Private Pension Fund
630,Private Pension Fund
631,Corporate
632,Private Pension Fund
633,Private Pension Fund
634,Private Pension Fund
635,Private Pension Fund
636,Private Pension Fund
637,Private Pension Fund
638,Private Pension Fund
639,Private Pension Fund
640,Private Pension Fund
641,Private Pension Fund
642,Private Pension Fund
643,Private Pension Fund
646,Foundation / Endowment
647,Private Pension Fund
648,Private Pension Fund
649,Asset Manager
652,Private Pension Fund
653,Private Pension Fund
654,Corporate
656,Private Pension Fund
658,Private Pension Fund
659,Corporate
662,Private Pension Fund
673,Investment Firm
684,Investment Firm
696,Investment Firm
711,Family Office
712,Family Office
714,Family Office
727,Investment Firm
734,Investment Firm
746,Insurance Company
747,Investment Firm
749,Private Pension Fund
750,Insurance Company
751,Foundation / Endowment
753,Public Pension Fund
768,Private Pension Fund
799,Foundation / Endowment
807,Foundation / Endowment
810,Asset Manager
815,Public Pension Fund
818,Insurance Company
819,Foundation / Endowment
821,Family Office
823,Family Office
827,Bank / Financial Services
828,Investment Firm
829,Fund of Funds Manager
835,Family Office
837,Family Office
839,Family Office
840,Asset Manager
841,Fund of Funds Manager
843,Foundation / Endowment
848,Fund of Funds Manager
852,Public Pension Fund
853,Foundation / Endowment
855,Fund of Funds Manager
856,Fund of Funds Manager
859,Family Office
861,Asset Manager
862,Fund of Funds Manager
863,Asset Manager
864,Public Pension Fund
865,Government Related Investment Organisation
866,Foundation / Endowment
867,Foundation / Endowment
868,Investment Firm
869,Foundation / Endowment
870,Foundation / Endowment
871,Investment Firm
872,Investment Firm
878,Gatekeepers
880,Gatekeepers
881,Fund of Funds Manager
882,Fund of Funds Manager
883,Fund of Funds Manager
887,Foundation / Endowment
889,Asset Manager
894,Public Pension Fund
896,Fund of Funds Manager
897,Public Pension Fund
898,Sovereign Wealth Fund
899,Foundation / Endowment
902,Public Pension Fund
903,Public Pension Fund
904,Public Pension Fund
905,Fund of Funds Manager
910,Foundation / Endowment
922,Independent Firm
927,Government Related Investment Organisation
929,Public Pension Fund
932,Foundation / Endowment
933,Foundation / Endowment
936,Family Office
938,Private Pension Fund
941,Bank / Financial Services
943,Public Pension Fund
944,Public Pension Fund
945,Foundation / Endowment
946,Foundation / Endowment
947,Public Pension Fund
948,Foundation / Endowment
949,Public Pension Fund
950,Public Pension Fund
951,Foundation / Endowment
965,Private Pension Fund
966,Foundation / Endowment
970,Public Pension Fund
971,Bank / Financial Services
974,Foundation / Endowment
981,Private Pension Fund
987,Public Pension Fund
992,Public Pension Fund
993,Public Pension Fund
1001,Fund of Funds Manager
1008,Private Pension Fund
1011,Fund of Funds Manager
1022,Public Pension Fund
1027,Investment Firm
1030,Foundation / Endowment
1031,Foundation / Endowment
1032,Foundation / Endowment
1033,Foundation / Endowment
1034,Foundation / Endowment
1035,Foundation / Endowment
1036,Foundation / Endowment
1039,Public Pension Fund
1040,Private Pension Fund
1042,Investment Firm
1043,Fund of Funds Manager
1044,Foundation / Endowment
1046,Public Pension Fund
1049,Public Pension Fund
1050,Foundation / Endowment
1051,Public Pension Fund
1052,Foundation / Endowment
1053,Private Pension Fund
1055,Insurance Company
1056,Public Pension Fund
1058,Fund of Funds Manager
1059,Public Pension Fund
1061,Foundation / Endowment
1062,Foundation / Endowment
1064,Private Pension Fund
1065,Private Pension Fund
1066,Public Pension Fund
1067,Foundation / Endowment
1068,Foundation / Endowment
1070,Public Pension Fund
1071,Public Pension Fund
1072,Foundation / Endowment
1075,Public Pension Fund
1078,Public Pension Fund
1079,Gatekeepers
1081,Public Pension Fund
1082,Public Pension Fund
1083,Public Pension Fund
1085,Foundation / Endowment
1086,Public Pension Fund
1087,Asset Manager
1088,Public Pension Fund
1089,Private Pension Fund
1090,Corporate
1091,Corporate
1094,Asset Manager
1095,Public Pension Fund
1099,Corporate
1102,Public Pension Fund
1103,Public Pension Fund
1104,Asset Manager
1105,Public Pension Fund
1106,Corporate
1107,Public Pension Fund
1111,Asset Manager
1112,Private Pension Fund
1113,Public Pension Fund
1115,Investment Firm
1116,Corporate
1117,Private Pension Fund
1118,Private Pension Fund
1120,Family Office
1121,Public Pension Fund
1122,Foundation / Endowment
1123,Foundation / Endowment
1124,Foundation / Endowment
1125,Foundation / Endowment
1127,Foundation / Endowment
1128,Foundation / Endowment
1129,Foundation / Endowment
1130,Asset Manager
1131,Investment Firm
1133,Public Pension Fund
1134,Public Pension Fund
1136,Foundation / Endowment
1137,Foundation / Endowment
1138,Public Pension Fund
1141,Foundation / Endowment
1142,Corporate
1144,Private Pension Fund
1145,Public Pension Fund
1146,Foundation / Endowment
1148,Foundation / Endowment
1149,Foundation / Endowment
1150,Foundation / Endowment
1151,Foundation / Endowment
1152,Foundation / Endowment
1153,Foundation / Endowment
1154,Investment Firm
1156,Foundation / Endowment
1157,Foundation / Endowment
1159,Foundation / Endowment
1161,Foundation / Endowment
1164,Public Pension Fund
1167,Public Pension Fund
1170,Public Pension Fund
1172,Investment Firm
1177,Public Pension Fund
1178,Public Pension Fund
1181,Fund of Funds Manager
1184,Investment Firm
1185,Fund of Funds Manager
1186,Private Pension Fund
1187,Foundation / Endowment
1190,Private Pension Fund
1191,Public Pension Fund
1192,Foundation / Endowment
1195,Public Pension Fund
1196,Foundation / Endowment
1197,Public Pension Fund
1199,Public Pension Fund
1208,Investment Firm
1213,Foundation / Endowment
1223,Public Pension Fund
1228,Public Pension Fund
1230,Public Pension Fund
1242,Foundation / Endowment
1243,Public Pension Fund
1244,Public Pension Fund
1249,Asset Manager
1260,Foundation / Endowment
1261,Public Pension Fund
1273,Foundation / Endowment
1279,Public Pension Fund
1288,Public Pension Fund
1289,Foundation / Endowment
1305,Government Related Investment Organisation
1312,Insurance Company
1315,Foundation / Endowment
1316,Foundation / Endowment
1320,Fund of Funds Manager
1322,Foundation / Endowment
1323,Corporate
1325,Family Office
1326,Corporate
1327,Foundation / Endowment
1328,Private Pension Fund
1329,Foundation / Endowment
1330,Private Pension Fund
1331,Public Pension Fund
1333,Fund of Funds Manager
1334,Insurance Company
1335,Private Pension Fund
1336,Bank / Financial Services
1337,Foundation / Endowment
1339,Private Pension Fund
1340,Foundation / Endowment
1341,Foundation / Endowment
1342,Foundation / Endowment
1343,Corporate
1344,Foundation / Endowment
1345,Foundation / Endowment
1346,Investment Firm
1349,Foundation / Endowment
1351,Private Pension Fund
1352,Asset Manager
1353,Gatekeepers
1354,Public Pension Fund
1355,Private Pension Fund
1356,Foundation / Endowment
1357,Asset Manager
1358,Private Pension Fund
1359,Private Pension Fund
1362,Foundation / Endowment
1363,Foundation / Endowment
1364,Foundation / Endowment
1365,Gatekeepers
1366,Foundation / Endowment
1367,Foundation / Endowment
1369,Foundation / Endowment
1370,Foundation / Endowment
1371,Bank / Financial Services
1372,Family Office
1374,Public Pension Fund
1375,Private Pension Fund
1376,Foundation / Endowment
1377,Foundation / Endowment
1378,Private Pension Fund
1379,Independent Firm
1380,Foundation / Endowment
1381,Corporate
1383,Corporate
1385,Gatekeepers
1386,Corporate
1387,Insurance Company
1389,Foundation / Endowment
1390,Fund of Funds Manager
1391,Foundation / Endowment
1392,Fund of Funds Manager
1393,Investment Firm
1394,Gatekeepers
1395,Foundation / Endowment
1396,Bank / Financial Services
1397,Fund of Funds Manager
1398,Fund of Funds Manager
1399,Asset Manager
1400,Public Pension Fund
1401,Asset Manager
1402,Foundation / Endowment
1403,Foundation / Endowment
1406,Corporate
1409,Fund of Funds Manager
1410,Public Pension Fund
1415,Foundation / Endowment
1417,Asset Manager
1420,Foundation / Endowment
1427,Government Related Investment Organisation
1428,Asset Manager
1429,Family Office
1435,Asset Manager
1437,Asset Manager
1441,Investment Firm
1442,Asset Manager
1443,Bank / Financial Services
1444,Asset Manager
1447,Family Office
1448,Fund of Funds Manager
1449,Bank / Financial Services
1450,Investment Firm
1451,Asset Manager
1452,Gatekeepers
1453,Foundation / Endowment
1454,Asset Manager
1455,Foundation / Endowment
1456,Foundation / Endowment
1457,Foundation / Endowment
1459,Foundation / Endowment
1460,Asset Manager
1461,Bank / Financial Services
1462,Insurance Company
1465,Investment Firm
1468,Family Office
1469,Foundation / Endowment
1470,Foundation / Endowment
1472,Government Related Investment Organisation
1473,Family Office
1475,Family Office
1476,Family Office
1493,Foundation / Endowment
1494,Public Pension Fund
1495,Fund of Funds Manager
1496,Foundation / Endowment
1498,Foundation / Endowment
1500,Government Related Investment Organisation
1501,Corporate
1503,Bank / Financial Services
1505,Foundation / Endowment
1506,Public Pension Fund
1507,Private Pension Fund
1508,Foundation / Endowment
1509,Private Pension Fund
1511,Corporate
1513,Bank / Financial Services
1515,Bank / Financial Services
1517,Private Pension Fund
1518,Private Pension Fund
1521,Corporate
1524,Foundation / Endowment
1529,Private Pension Fund
1531,Foundation / Endowment
1533,Investment Firm
1538,Public Pension Fund
1539,Foundation / Endowment
1540,Private Pension Fund
1541,Family Office
1542,Foundation / Endowment
1543,Foundation / Endowment
1544,Public Pension Fund
1547,Family Office
1548,Family Office
1549,Family Office
1550,Family Office
1551,Asset Manager
1552,Family Office
1554,Family Office
1555,Investment Firm
1556,Gatekeepers
1557,Asset Manager
1558,Investment Firm
1559,Investment Firm
1560,Family Office
1561,Foundation / Endowment
1562,Family Office
1563,Asset Manager
1564,Family Office
1565,Investment Firm
1566,Family Office
1567,Family Office
1568,Asset Manager
1570,Gatekeepers
1571,Family Office
1572,Family Office
1573,Bank / Financial Services
1576,Asset Manager
1577,Family Office
1578,Gatekeepers
1579,Family Office
1581,Foundation / Endowment
1582,Family Office
1583,Family Office
1584,Family Office
1585,Foundation / Endowment
1586,Investment Firm
1587,Public Pension Fund
1588,Asset Manager
1589,Asset Manager
1590,Family Office
1591,Gatekeepers
1592,Investment Firm
1593,Foundation / Endowment
1594,Foundation / Endowment
1596,Foundation / Endowment
1597,Asset Manager
1598,Asset Manager
1599,Investment Firm
1600,Foundation / Endowment
1601,Bank / Financial Services
1604,Government Related Investment Organisation
1605,Bank / Financial Services
1606,Family Office
1608,Family Office
1609,Investment Firm
1610,Investment Firm
1612,Investment Firm
1614,Asset Manager
1616,Family Office
1617,Investment Firm
1618,Fund of Funds Manager
1619,Fund of Funds Manager
1620,Government Related Investment Organisation
1621,Bank / Financial Services
1622,Public Pension Fund
1623,Public Pension Fund
1624,Independent Firm
1625,Family Office
1626,Independent Firm
1627,Family Office
1628,Public Pension Fund
1629,Investment Firm
1630,Public Pension Fund
1631,Foundation / Endowment
1632,Family Office
1633,Public Pension Fund
1634,Asset Manager
1636,Family Office
1637,Family Office
1638,Corporate
1640,Investment Firm
1643,Asset Manager
1644,Asset Manager
1645,Family Office
1647,Asset Manager
1648,Bank / Financial Services
1649,Foundation / Endowment
1650,Fund of Funds Manager
1652,Asset Manager
1653,Gatekeepers
1654,Asset Manager
1657,Family Office
1659,Gatekeepers
1661,Private Pension Fund
1662,Investment Firm
1665,Family Office
1667,Investment Firm
1671,Bank / Financial Services
1680,Investment Firm
1681,Family Office
1684,Government Related Investment Organisation
1685,Government Related Investment Organisation
1686,Government Related Investment Organisation
1687,Family Office
1688,Private Pension Fund
1690,Bank / Financial Services
1693,Bank / Financial Services
1694,Bank / Financial Services
1695,Corporate
1698,Bank / Financial Services
1699,Foundation / Endowment
1701,Family Office
1702,Bank / Financial Services
1703,Foundation / Endowment
1704,Bank / Financial Services
1705,Bank / Financial Services
1706,Foundation / Endowment
1707,Bank / Financial Services
1708,Foundation / Endowment
1709,Corporate
1710,Foundation / Endowment
1711,Foundation / Endowment
1712,Foundation / Endowment
1713,Foundation / Endowment
1714,Corporate
1715,Asset Manager
1718,Corporate
1719,Foundation / Endowment
1720,Foundation / Endowment
1721,Foundation / Endowment
1722,Investment Firm
1724,Public Pension Fund
1725,Foundation / Endowment
1729,Foundation / Endowment
1731,Fund of Funds Manager
1733,Corporate
1734,Asset Manager
1736,Foundation / Endowment
1737,Foundation / Endowment
1738,Foundation / Endowment
1739,Foundation / Endowment
1740,Public Pension Fund
1741,Investment Firm
1742,Foundation / Endowment
1743,Public Pension Fund
1744,Foundation / Endowment
1745,Private Pension Fund
1747,Insurance Company
1748,Investment Firm
1749,Foundation / Endowment
1750,Foundation / Endowment
1751,Foundation / Endowment
1753,Foundation / Endowment
1754,Foundation / Endowment
1758,Foundation / Endowment
1759,Corporate
1761,Foundation / Endowment
1765,Foundation / Endowment
1766,Foundation / Endowment
1768,Foundation / Endowment
1769,Foundation / Endowment
1770,Corporate
1771,Foundation / Endowment
1772,Corporate
1773,Corporate
1774,Foundation / Endowment
1775,Investment Firm
1777,Foundation / Endowment
1778,Public Pension Fund
1779,Bank / Financial Services
1782,Investment Firm
1785,Corporate
1786,Private Pension Fund
1787,Foundation / Endowment
1789,Corporate
1790,Public Pension Fund
1791,Corporate
1794,Foundation / Endowment
1795,Public Pension Fund
1796,Foundation / Endowment
1798,Foundation / Endowment
1799,Foundation / Endowment
1800,Investment Firm
1801,Asset Manager
1802,Foundation / Endowment
1804,Foundation / Endowment
1805,Gatekeepers
1807,Public Pension Fund
1808,Foundation / Endowment
1810,Investment Firm
1811,Foundation / Endowment
1812,Foundation / Endowment
1813,Foundation / Endowment
1814,Bank / Financial Services
1815,Bank / Financial Services
1816,Foundation / Endowment
1817,Bank / Financial Services
1818,Bank / Financial Services
1819,Bank / Financial Services
1820,Foundation / Endowment
1821,Corporate
1823,Corporate
1824,Foundation / Endowment
1825,Private Pension Fund
1826,Investment Firm
1827,Foundation / Endowment
1828,Gatekeepers
1831,Foundation / Endowment
1832,Foundation / Endowment
1834,Corporate
1835,Foundation / Endowment
1837,Foundation / Endowment
1838,Foundation / Endowment
1840,Foundation / Endowment
1841,Family Office
1842,Asset Manager
1843,Asset Manager
1844,Asset Manager
1848,Foundation / Endowment
1850,Foundation / Endowment
1851,Foundation / Endowment
1852,Foundation / Endowment
1854,Family Office
1855,Foundation / Endowment
1856,Public Pension Fund
1857,Public Pension Fund
1859,Foundation / Endowment
1860,Fund of Funds Manager
1862,Bank / Financial Services
1863,Foundation / Endowment
1864,Foundation / Endowment
1865,Insurance Company
1866,Foundation / Endowment
1867,Public Pension Fund
1868,Investment Firm
1871,Foundation / Endowment
1872,Public Pension Fund
1874,Public Pension Fund
1876,Foundation / Endowment
1878,Asset Manager
1879,Corporate
1880,Foundation / Endowment
1881,Public Pension Fund
1882,Asset Manager
1883,Public Pension Fund
1884,Government Related Investment Organisation
1886,Public Pension Fund
1887,Private Pension Fund
1889,Family Office
1890,Foundation / Endowment
1891,Insurance Company
1892,Corporate
1893,Foundation / Endowment
1894,Corporate
1895,Corporate
1896,Foundation / Endowment
1898,Foundation / Endowment
1900,Private Pension Fund
1903,Foundation / Endowment
1904,Foundation / Endowment
1905,Foundation / Endowment
1906,Foundation / Endowment
1907,Investment Firm
1908,Foundation / Endowment
1909,Foundation / Endowment
1910,Foundation / Endowment
1911,Foundation / Endowment
1912,Foundation / Endowment
1913,Foundation / Endowment
1914,Foundation / Endowment
1916,Foundation / Endowment
1917,Corporate
1918,Foundation / Endowment
1919,Foundation / Endowment
1920,Foundation / Endowment
1921,Corporate
1922,Foundation / Endowment
1923,Foundation / Endowment
1924,Foundation / Endowment
1925,Public Pension Fund
1926,Corporate
1927,Corporate
1928,Corporate
1930,Public Pension Fund
1932,Public Pension Fund
1933,Public Pension Fund
1934,Corporate
1935,Foundation / Endowment
1936,Foundation / Endowment
1939,Foundation / Endowment
1940,Foundation / Endowment
1942,Foundation / Endowment
1944,Foundation / Endowment
1945,Investment Firm
1946,Investment Firm
1947,Foundation / Endowment
1949,Foundation / Endowment
1950,Public Pension Fund
1951,Foundation / Endowment
1952,Foundation / Endowment
1954,Investment Firm
1955,Foundation / Endowment
1956,Asset Manager
1957,Foundation / Endowment
1958,Foundation / Endowment
1960,Family Office
1961,Foundation / Endowment
1962,Foundation / Endowment
1963,Public Pension Fund
1964,Corporate
1965,Investment Firm
1966,Foundation / Endowment
1967,Asset Manager
1968,Asset Manager
1969,Foundation / Endowment
1970,Insurance Company
1973,Public Pension Fund
1975,Foundation / Endowment
1976,Public Pension Fund
1978,Public Pension Fund
1979,Corporate
1980,Foundation / Endowment
1981,Foundation / Endowment
1989,Insurance Company
1991,Bank / Financial Services
1992,Private Pension Fund
1994,Fund of Funds Manager
1997,Public Pension Fund
1998,Private Pension Fund
1999,Foundation / Endowment
2000,Public Pension Fund
2002,Public Pension Fund
2003,Public Pension Fund
2004,Public Pension Fund
2005,Private Pension Fund
2006,Public Pension Fund
2007,Public Pension Fund
2008,Private Pension Fund
2009,Foundation / Endowment
2011,Public Pension Fund
2012,Public Pension Fund
2013,Asset Manager
2014,Public Pension Fund
2015,Public Pension Fund
2016,Public Pension Fund
2017,Public Pension Fund
2018,Public Pension Fund
2019,Public Pension Fund
2020,Public Pension Fund
2021,Public Pension Fund
2022,Public Pension Fund
2023,Public Pension Fund
2024,Public Pension Fund
2025,Public Pension Fund
2027,Public Pension Fund
2029,Public Pension Fund
2030,Private Pension Fund
2031,Foundation / Endowment
2032,Foundation / Endowment
2034,Public Pension Fund
2038,Foundation / Endowment
2039,Bank / Financial Services
2040,Public Pension Fund
2043,Public Pension Fund
2044,Public Pension Fund
2046,Foundation / Endowment
2048,Foundation / Endowment
2050,Public Pension Fund
2051,Public Pension Fund
2053,Foundation / Endowment
2060,Public Pension Fund
2061,Fund of Funds Manager
2062,Private Pension Fund
2063,Foundation / Endowment
2064,Foundation / Endowment
2065,Foundation / Endowment
2068,Family Office
2069,Asset Manager
2070,Asset Manager
2073,Asset Manager
2074,Foundation / Endowment
2076,Private Pension Fund
2077,Public Pension Fund
2078,Public Pension Fund
2079,Public Pension Fund
2080,Public Pension Fund
2081,Public Pension Fund
2082,Public Pension Fund
2083,Foundation / Endowment
2084,Foundation / Endowment
2085,Foundation / Endowment
2086,Foundation / Endowment
2087,Public Pension Fund
2089,Public Pension Fund
2090,Foundation / Endowment
2091,Foundation / Endowment
2092,Public Pension Fund
2094,Public Pension Fund
2095,Public Pension Fund
2097,Foundation / Endowment
2098,Public Pension Fund
2099,Public Pension Fund
2100,Public Pension Fund
2101,Public Pension Fund
2102,Family Office
2104,Family Office
2106,Family Office
2107,Public Pension Fund
2108,Private Pension Fund
2109,Investment Firm
2110,Public Pension Fund
2111,Public Pension Fund
2112,Public Pension Fund
2113,Public Pension Fund
2114,Private Pension Fund
2115,Private Pension Fund
2116,Public Pension Fund
2117,Bank / Financial Services
2118,Private Pension Fund
2119,Public Pension Fund
2120,Foundation / Endowment
2121,Public Pension Fund
2122,Investment Firm
2123,Public Pension Fund
2124,Public Pension Fund
2125,Public Pension Fund
2127,Public Pension Fund
2128,Public Pension Fund
2129,Public Pension Fund
2130,Foundation / Endowment
2133,Public Pension Fund
2134,Investment Firm
2135,Public Pension Fund
2136,Public Pension Fund
2137,Public Pension Fund
2139,Investment Firm
2141,Public Pension Fund
2142,Public Pension Fund
2144,Public Pension Fund
2145,Foundation / Endowment
2146,Bank / Financial Services
2147,Gatekeepers
2149,Independent Firm
2151,Gatekeepers
2152,Gatekeepers
2154,Gatekeepers
2155,Gatekeepers
2156,Gatekeepers
2157,Independent Firm
2158,Gatekeepers
2159,Gatekeepers
2160,Gatekeepers
2161,Asset Manager
2162,Investment Firm
2163,Gatekeepers
2164,Gatekeepers
2165,Asset Manager
2171,Investment Firm
2172,Investment Firm
2175,Asset Manager
2177,Investment Firm
2180,Fund of Funds Manager
2184,Asset Manager
2186,Independent Firm
2187,Investment Firm
2189,Asset Manager
2190,Investment Firm
2192,Bank / Financial Services
2194,Family Office
2196,Family Office
2197,Investment Firm
2198,Asset Manager
2199,Independent Firm
2200,Family Office
2201,Fund of Funds Manager
2202,Fund of Funds Manager
2203,Independent Firm
2204,Independent Firm
2205,Independent Firm
2206,Asset Manager
2207,Investment Firm
2208,Bank / Financial Services
2210,Investment Firm
2213,Investment Firm
2214,Fund of Funds Manager
2215,Investment Firm
2216,Investment Firm
2218,Asset Manager
2219,Asset Manager
2220,Fund of Funds Manager
2221,Fund of Funds Manager
2222,Asset Manager
2223,Investment Firm
2224,Asset Manager
2225,Investment Firm
2226,Independent Firm
2228,Investment Firm
2229,Asset Manager
2230,Investment Firm
2231,Investment Firm
2232,Asset Manager
2233,Fund of Funds Manager
2234,Corporate
2235,Investment Firm
2236,Independent Firm
2237,Independent Firm
2238,Asset Manager
2239,Investment Firm
2240,Asset Manager
2241,Asset Manager
2242,Fund of Funds Manager
2243,Investment Firm
2244,Investment Firm
2246,Investment Firm
2250,Asset Manager
2251,Investment Firm
2254,Asset Manager
2257,Investment Firm
2260,Investment Firm
2262,Investment Firm
2263,Investment Firm
2264,Asset Manager
2265,Investment Firm
2266,Asset Manager
2267,Investment Firm
2268,Independent Firm
2269,Investment Firm
2270,Fund of Funds Manager
2273,Fund of Funds Manager
2275,Fund of Funds Manager
2276,Fund of Funds Manager
2278,Asset Manager
2279,Fund of Funds Manager
2280,Fund of Funds Manager
2282,Fund of Funds Manager
2283,Fund of Funds Manager
2286,Investment Firm
2292,Fund of Funds Manager
2293,Investment Firm
2294,Investment Firm
2296,Investment Firm
2297,Asset Manager
2298,Investment Firm
2299,Fund of Funds Manager
2300,Investment Firm
2301,Gatekeepers
2302,Investment Firm
2306,Corporate
2308,Public Pension Fund
2309,Public Pension Fund
2312,Investment Firm
2315,Asset Manager
2316,Foundation / Endowment
2321,Investment Firm
2322,Asset Manager
2323,Family Office
2324,Fund of Funds Manager
2326,Foundation / Endowment
2327,Public Pension Fund
2328,Foundation / Endowment
2329,Foundation / Endowment
2330,Public Pension Fund
2331,Foundation / Endowment
2332,Public Pension Fund
2333,Foundation / Endowment
2334,Foundation / Endowment
2335,Foundation / Endowment
2336,Public Pension Fund
2337,Public Pension Fund
2338,Public Pension Fund
2339,Foundation / Endowment
2340,Foundation / Endowment
2342,Public Pension Fund
2343,Foundation / Endowment
2344,Foundation / Endowment
2347,Foundation / Endowment
2348,Public Pension Fund
2349,Foundation / Endowment
2350,Foundation / Endowment
2351,Foundation / Endowment
2353,Foundation / Endowment
2354,Foundation / Endowment
2355,Foundation / Endowment
2357,Family Office
2358,Public Pension Fund
2359,Investment Firm
2363,Fund of Funds Manager
2365,Gatekeepers
2373,Government Related Investment Organisation
2377,Government Related Investment Organisation
2381,Family Office
2383,Corporate
2386,Gatekeepers
2387,Investment Firm
2388,Investment Firm
2389,Asset Manager
2392,Family Office
2398,Gatekeepers
2399,Gatekeepers
2400,Government Related Investment Organisation
2411,Foundation / Endowment
2414,Fund of Funds Manager
2416,Investment Firm
2418,Public Pension Fund
2420,Public Pension Fund
2421,Public Pension Fund
2422,Public Pension Fund
2423,Public Pension Fund
2424,Public Pension Fund
2429,Foundation / Endowment
2433,Foundation / Endowment
2435,Investment Firm
2438,Fund of Funds Manager
2442,Foundation / Endowment
2446,Public Pension Fund
2450,Foundation / Endowment
2451,Investment Firm
2455,Foundation / Endowment
2456,Foundation / Endowment
2459,Foundation / Endowment
2460,Investment Firm
2461,Private Pension Fund
2463,Asset Manager
2466,Investment Firm
2472,Family Office
2473,Investment Firm
2475,Foundation / Endowment
2476,Foundation / Endowment
2477,Foundation / Endowment
2478,Family Office
2479,Family Office
2480,Foundation / Endowment
2481,Foundation / Endowment
2482,Family Office
2485,Bank / Financial Services
2487,Foundation / Endowment
2489,Foundation / Endowment
2490,Investment Firm
2492,Family Office
2495,Public Pension Fund
2496,Investment Firm
2497,Foundation / Endowment
2498,Foundation / Endowment
2499,Investment Firm
2500,Investment Firm
2502,Corporate
2503,Corporate
2504,Corporate
2505,Foundation / Endowment
2506,Asset Manager
2507,Private Pension Fund
2508,Family Office
2509,Family Office
2512,Public Pension Fund
2513,Public Pension Fund
2515,Foundation / Endowment
2520,Family Office
2521,Private Pension Fund
2523,Investment Firm
2528,Investment Firm
2530,Foundation / Endowment
2533,Public Pension Fund
2534,Public Pension Fund
2535,Public Pension Fund
2538,Asset Manager
2539,Foundation / Endowment
2542,Foundation / Endowment
2545,Asset Manager
2547,Family Office
2550,Asset Manager
2555,Public Pension Fund
2556,Government Related Investment Organisation
2558,Investment Firm
2560,Asset Manager
2561,Foundation / Endowment
2562,Corporate
2563,Asset Manager
2565,Foundation / Endowment
2566,Investment Firm
2567,Bank / Financial Services
2569,Fund of Funds Manager
2571,Investment Firm
2575,Bank / Financial Services
2576,Asset Manager
2581,Private Pension Fund
2584,Foundation / Endowment
2586,Foundation / Endowment
2588,Foundation / Endowment
2589,Foundation / Endowment
2590,Investment Firm
2591,Family Office
2593,Foundation / Endowment
2595,Foundation / Endowment
2596,Foundation / Endowment
2597,Public Pension Fund
2598,Foundation / Endowment
2599,Corporate
2600,Foundation / Endowment
2601,Independent Firm
2603,Foundation / Endowment
2605,Foundation / Endowment
2607,Foundation / Endowment
2608,Public Pension Fund
2609,Foundation / Endowment
2610,Public Pension Fund
2611,Public Pension Fund
2612,Foundation / Endowment
2613,Foundation / Endowment
2614,Foundation / Endowment
2615,Foundation / Endowment
2616,Foundation / Endowment
2617,Foundation / Endowment
2618,Foundation / Endowment
2619,Foundation / Endowment
2620,Foundation / Endowment
2622,Foundation / Endowment
2623,Investment Firm
2625,Public Pension Fund
2626,Foundation / Endowment
2627,Foundation / Endowment
2628,Foundation / Endowment
2629,Foundation / Endowment
2630,Foundation / Endowment
2631,Foundation / Endowment
2632,Foundation / Endowment
2633,Foundation / Endowment
2634,Foundation / Endowment
2635,Foundation / Endowment
2637,Foundation / Endowment
2639,Foundation / Endowment
2640,Foundation / Endowment
2641,Foundation / Endowment
2643,Foundation / Endowment
2644,Foundation / Endowment
2645,Foundation / Endowment
2646,Foundation / Endowment
2647,Foundation / Endowment
2648,Foundation / Endowment
2649,Foundation / Endowment
2650,Foundation / Endowment
2651,Foundation / Endowment
2652,Foundation / Endowment
2653,Foundation / Endowment
2654,Foundation / Endowment
2655,Foundation / Endowment
2656,Foundation / Endowment
2657,Foundation / Endowment
2658,Foundation / Endowment
2659,Foundation / Endowment
2662,Foundation / Endowment
2663,Foundation / Endowment
2664,Foundation / Endowment
2665,Foundation / Endowment
2667,Foundation / Endowment
2668,Foundation / Endowment
2669,Public Pension Fund
2670,Private Pension Fund
2671,Foundation / Endowment
2672,Foundation / Endowment
2673,Foundation / Endowment
2674,Foundation / Endowment
2676,Foundation / Endowment
2677,Foundation / Endowment
2678,Foundation / Endowment
2679,Foundation / Endowment
2680,Foundation / Endowment
2681,Public Pension Fund
2682,Foundation / Endowment
2683,Foundation / Endowment
2684,Foundation / Endowment
2685,Foundation / Endowment
2686,Foundation / Endowment
2687,Foundation / Endowment
2688,Foundation / Endowment
2689,Foundation / Endowment
2690,Foundation / Endowment
2691,Foundation / Endowment
2692,Private Pension Fund
2693,Foundation / Endowment
2694,Foundation / Endowment
2696,Foundation / Endowment
2697,Private Pension Fund
2699,Foundation / Endowment
2700,Foundation / Endowment
2701,Foundation / Endowment
2702,Public Pension Fund
2703,Foundation / Endowment
2704,Foundation / Endowment
2705,Public Pension Fund
2706,Foundation / Endowment
2707,Foundation / Endowment
2708,Foundation / Endowment
2710,Foundation / Endowment
2711,Foundation / Endowment
2712,Private Pension Fund
2713,Insurance Company
2714,Insurance Company
2717,Foundation / Endowment
2718,Foundation / Endowment
2719,Investment Firm
2720,Foundation / Endowment
2721,Foundation / Endowment
2722,Foundation / Endowment
2723,Foundation / Endowment
2724,Foundation / Endowment
2725,Foundation / Endowment
2726,Foundation / Endowment
2727,Foundation / Endowment
2728,Foundation / Endowment
2729,Foundation / Endowment
2730,Foundation / Endowment
2731,Foundation / Endowment
2732,Foundation / Endowment
2733,Foundation / Endowment
2734,Foundation / Endowment
2735,Foundation / Endowment
2736,Foundation / Endowment
2737,Foundation / Endowment
2738,Foundation / Endowment
2739,Foundation / Endowment
2740,Foundation / Endowment
2741,Foundation / Endowment
2743,Foundation / Endowment
2744,Foundation / Endowment
2745,Foundation / Endowment
2747,Foundation / Endowment
2748,Foundation / Endowment
2749,Public Pension Fund
2750,Foundation / Endowment
2751,Foundation / Endowment
2752,Foundation / Endowment
2754,Private Pension Fund
2755,Public Pension Fund
2756,Public Pension Fund
2760,Foundation / Endowment
2761,Corporate
2762,Public Pension Fund
2764,Foundation / Endowment
2765,Gatekeepers
2767,Corporate
2770,Foundation / Endowment
2772,Investment Firm
2779,Public Pension Fund
2781,Public Pension Fund
2783,Asset Manager
2785,Corporate
2786,Foundation / Endowment
2787,Private Pension Fund
2788,Corporate
2789,Foundation / Endowment
2790,Bank / Financial Services
2791,Gatekeepers
2792,Investment Firm
2794,Foundation / Endowment
2796,Foundation / Endowment
2797,Family Office
2798,Family Office
2803,Foundation / Endowment
2806,Foundation / Endowment
2807,Public Pension Fund
2808,Corporate
2809,Asset Manager
2810,Foundation / Endowment
2811,Asset Manager
2814,Foundation / Endowment
2815,Gatekeepers
2816,Asset Manager
2817,Gatekeepers
2821,Investment Firm
2822,Family Office
2824,Asset Manager
2825,Foundation / Endowment
2826,Bank / Financial Services
2827,Foundation / Endowment
2828,Public Pension Fund
2831,Investment Firm
2833,Foundation / Endowment
2834,Foundation / Endowment
2835,Foundation / Endowment
2836,Foundation / Endowment
2837,Family Office
2839,Foundation / Endowment
2840,Foundation / Endowment
2841,Foundation / Endowment
2842,Foundation / Endowment
2843,Foundation / Endowment
2844,Foundation / Endowment
2845,Foundation / Endowment
2846,Foundation / Endowment
2847,Foundation / Endowment
2848,Foundation / Endowment
2849,Foundation / Endowment
2850,Foundation / Endowment
2851,Foundation / Endowment
2852,Foundation / Endowment
2853,Foundation / Endowment
2854,Foundation / Endowment
2855,Foundation / Endowment
2856,Foundation / Endowment
2858,Foundation / Endowment
2859,Foundation / Endowment
2860,Foundation / Endowment
2861,Foundation / Endowment
2862,Foundation / Endowment
2863,Foundation / Endowment
2864,Foundation / Endowment
2865,Foundation / Endowment
2866,Foundation / Endowment
2867,Foundation / Endowment
2868,Foundation / Endowment
2869,Foundation / Endowment
2870,Foundation / Endowment
2871,Foundation / Endowment
2872,Foundation / Endowment
2873,Foundation / Endowment
2874,Foundation / Endowment
2875,Foundation / Endowment
2876,Foundation / Endowment
2877,Foundation / Endowment
2878,Foundation / Endowment
2879,Foundation / Endowment
2880,Foundation / Endowment
2881,Foundation / Endowment
2882,Foundation / Endowment
2883,Foundation / Endowment
2884,Foundation / Endowment
2885,Foundation / Endowment
2886,Foundation / Endowment
2887,Foundation / Endowment
2888,Foundation / Endowment
2889,Foundation / Endowment
2890,Foundation / Endowment
2891,Foundation / Endowment
2892,Foundation / Endowment
2893,Public Pension Fund
2894,Foundation / Endowment
2895,Foundation / Endowment
2896,Foundation / Endowment
2897,Foundation / Endowment
2898,Foundation / Endowment
2899,Foundation / Endowment
2900,Foundation / Endowment
2901,Foundation / Endowment
2902,Foundation / Endowment
2904,Investment Firm
2908,Family Office
2909,Asset Manager
2911,Foundation / Endowment
2912,Foundation / Endowment
2913,Foundation / Endowment
2914,Foundation / Endowment
2915,Foundation / Endowment
2916,Foundation / Endowment
2917,Private Pension Fund
2918,Foundation / Endowment
2919,Foundation / Endowment
2920,Foundation / Endowment
2921,Foundation / Endowment
2922,Foundation / Endowment
2923,Foundation / Endowment
2925,Foundation / Endowment
2926,Foundation / Endowment
2930,Family Office
2934,Foundation / Endowment
2935,Foundation / Endowment
2936,Foundation / Endowment
2937,Foundation / Endowment
2938,Foundation / Endowment
2939,Foundation / Endowment
2940,Foundation / Endowment
2949,Gatekeepers
2961,Public Pension Fund
2962,Foundation / Endowment
2968,Private Pension Fund
2969,Insurance Company
2970,Foundation / Endowment
2971,Foundation / Endowment
2972,Insurance Company
2973,Bank / Financial Services
2974,Private Pension Fund
2975,Public Pension Fund
2977,Private Pension Fund
2978,Public Pension Fund
2979,Private Pension Fund
2980,Foundation / Endowment
2981,Public Pension Fund
2982,Private Pension Fund
2983,Foundation / Endowment
2984,Private Pension Fund
2985,Private Pension Fund
2986,Private Pension Fund
2987,Private Pension Fund
2988,Private Pension Fund
2989,Private Pension Fund
2990,Fund of Funds Manager
2991,Private Pension Fund
2992,Private Pension Fund
2993,Private Pension Fund
2994,Private Pension Fund
2995,Foundation / Endowment
2996,Foundation / Endowment
2998,Foundation / Endowment
3000,Foundation / Endowment
3001,Foundation / Endowment
3002,Foundation / Endowment
3003,Foundation / Endowment
3004,Gatekeepers
3005,Foundation / Endowment
3006,Foundation / Endowment
3007,Foundation / Endowment
3011,Foundation / Endowment
3012,Foundation / Endowment
3013,Foundation / Endowment
3015,Investment Firm
3017,Foundation / Endowment
3018,Foundation / Endowment
3020,Public Pension Fund
3027,Foundation / Endowment
3031,Bank / Financial Services
3032,Family Office
3034,Foundation / Endowment
3035,Independent Firm
3036,Foundation / Endowment
3037,Foundation / Endowment
3038,Foundation / Endowment
3039,Bank / Financial Services
3040,Bank / Financial Services
3041,Bank / Financial Services
3042,Foundation / Endowment
3043,Foundation / Endowment
3044,Bank / Financial Services
3045,Bank / Financial Services
3046,Bank / Financial Services
3047,Bank / Financial Services
3048,Bank / Financial Services
3049,Bank / Financial Services
3050,Bank / Financial Services
3051,Corporate
3052,Foundation / Endowment
3053,Insurance Company
3054,Foundation / Endowment
3055,Foundation / Endowment
3056,Family Office
3057,Bank / Financial Services
3058,Gatekeepers
3059,Gatekeepers
3060,Asset Manager
3061,Foundation / Endowment
3063,Gatekeepers
3064,Private Pension Fund
3065,Foundation / Endowment
3066,Foundation / Endowment
3067,Investment Firm
3068,Foundation / Endowment
3069,Foundation / Endowment
3070,Foundation / Endowment
3071,Independent Firm
3073,Independent Firm
3074,Corporate
3075,Public Pension Fund
3076,Public Pension Fund
3077,Foundation / Endowment
3079,Foundation / Endowment
3080,Public Pension Fund
3081,Foundation / Endowment
3083,Family Office
3087,Foundation / Endowment
3088,Foundation / Endowment
3089,Foundation / Endowment
3090,Investment Firm
3092,Foundation / Endowment
3093,Foundation / Endowment
3096,Private Pension Fund
3099,Public Pension Fund
3100,Foundation / Endowment
3101,Foundation / Endowment
3103,Foundation / Endowment
3104,Foundation / Endowment
3116,Private Pension Fund
3118,Public Pension Fund
3123,Foundation / Endowment
3124,Foundation / Endowment
3125,Foundation / Endowment
3126,Foundation / Endowment
3128,Foundation / Endowment
3129,Foundation / Endowment
3130,Foundation / Endowment
3131,Foundation / Endowment
3132,Foundation / Endowment
3133,Foundation / Endowment
3134,Foundation / Endowment
3141,Foundation / Endowment
3142,Private Pension Fund
3144,Foundation / Endowment
3146,Foundation / Endowment
3147,Foundation / Endowment
3148,Private Pension Fund
3149,Family Office
3150,Investment Firm
3151,Foundation / Endowment
3154,Private Pension Fund
3155,Foundation / Endowment
3158,Private Pension Fund
3159,Foundation / Endowment
3160,Foundation / Endowment
3162,Private Pension Fund
3165,Public Pension Fund
3167,Private Pension Fund
3170,Private Pension Fund
3171,Private Pension Fund
3172,Foundation / Endowment
3173,Foundation / Endowment
3175,Private Pension Fund
3177,Foundation / Endowment
3178,Private Pension Fund
3179,Public Pension Fund
3180,Private Pension Fund
3182,Foundation / Endowment
3183,Private Pension Fund
3186,Private Pension Fund
3187,Private Pension Fund
3188,Corporate
3189,Corporate
3190,Insurance Company
3196,Foundation / Endowment
3199,Foundation / Endowment
3200,Public Pension Fund
3201,Private Pension Fund
3202,Foundation / Endowment
3203,Foundation / Endowment
3204,Foundation / Endowment
3205,Foundation / Endowment
3208,Bank / Financial Services
3209,Insurance Company
3210,Foundation / Endowment
3212,Insurance Company
3215,Insurance Company
3217,Foundation / Endowment
3218,Insurance Company
3219,Public Pension Fund
3220,Foundation / Endowment
3221,Foundation / Endowment
3222,Foundation / Endowment
3223,Foundation / Endowment
3225,Foundation / Endowment
3227,Foundation / Endowment
3228,Foundation / Endowment
3229,Foundation / Endowment
3230,Foundation / Endowment
3231,Foundation / Endowment
3232,Foundation / Endowment
3233,Private Pension Fund
3234,Foundation / Endowment
3235,Foundation / Endowment
3236,Foundation / Endowment
3237,Corporate
3238,Foundation / Endowment
3239,Foundation / Endowment
3240,Foundation / Endowment
3241,Foundation / Endowment
3242,Foundation / Endowment
3243,Foundation / Endowment
3244,Investment Firm
3245,Private Pension Fund
3246,Foundation / Endowment
3247,Foundation / Endowment
3248,Foundation / Endowment
3249,Foundation / Endowment
3250,Foundation / Endowment
3251,Family Office
3252,Public Pension Fund
3256,Foundation / Endowment
3257,Foundation / Endowment
3258,Public Pension Fund
3260,Insurance Company
3261,Foundation / Endowment
3262,Asset Manager
3264,Foundation / Endowment
3266,Insurance Company
3268,Insurance Company
3269,Foundation / Endowment
3270,Foundation / Endowment
3271,Foundation / Endowment
3273,Foundation / Endowment
3275,Insurance Company
3278,Private Pension Fund
3280,Foundation / Endowment
3282,Private Pension Fund
3283,Private Pension Fund
3284,Private Pension Fund
3285,Private Pension Fund
3286,Foundation / Endowment
3287,Foundation / Endowment
3289,Foundation / Endowment
3291,Investment Firm
3292,Private Pension Fund
3293,Foundation / Endowment
3298,Foundation / Endowment
3299,Public Pension Fund
3300,Foundation / Endowment
3302,Foundation / Endowment
3303,Public Pension Fund
3304,Foundation / Endowment
3305,Foundation / Endowment
3306,Foundation / Endowment
3307,Foundation / Endowment
3310,Foundation / Endowment
3311,Foundation / Endowment
3312,Foundation / Endowment
3313,Foundation / Endowment
3314,Corporate
3315,Foundation / Endowment
3317,Foundation / Endowment
3318,Foundation / Endowment
3319,Foundation / Endowment
3320,Foundation / Endowment
3321,Foundation / Endowment
3322,Foundation / Endowment
3324,Foundation / Endowment
3325,Asset Manager
3326,Foundation / Endowment
3328,Public Pension Fund
3329,Public Pension Fund
3330,Foundation / Endowment
3331,Public Pension Fund
3332,Public Pension Fund
3333,Public Pension Fund
3334,Foundation / Endowment
3335,Foundation / Endowment
3336,Foundation / Endowment
3337,Foundation / Endowment
3339,Investment Firm
3340,Foundation / Endowment
3341,Family Office
3344,Public Pension Fund
3345,Foundation / Endowment
3346,Foundation / Endowment
3347,Insurance Company
3351,Independent Firm
3353,Foundation / Endowment
3354,Public Pension Fund
3357,Foundation / Endowment
3358,Foundation / Endowment
3359,Foundation / Endowment
3361,Investment Firm
3366,Investment Firm
3368,Fund of Funds Manager
3369,Foundation / Endowment
3370,Public Pension Fund
3371,Investment Firm
3376,Foundation / Endowment
3377,Asset Manager
3379,Family Office
3382,Foundation / Endowment
3384,Foundation / Endowment
3386,Foundation / Endowment
3389,Foundation / Endowment
3390,Foundation / Endowment
3391,Foundation / Endowment
3394,Foundation / Endowment
3402,Family Office
3405,Private Pension Fund
3408,Foundation / Endowment
3410,Asset Manager
3411,Foundation / Endowment
3413,Foundation / Endowment
3415,Investment Firm
3417,Foundation / Endowment
3423,Investment Firm
3425,Public Pension Fund
3426,Investment Firm
3427,Foundation / Endowment
3428,Foundation / Endowment
3429,Foundation / Endowment
3430,Foundation / Endowment
3431,Foundation / Endowment
3432,Foundation / Endowment
3433,Public Pension Fund
3434,Foundation / Endowment
3435,Foundation / Endowment
3436,Foundation / Endowment
3439,Foundation / Endowment
3440,Foundation / Endowment
3441,Foundation / Endowment
3442,Foundation / Endowment
3443,Foundation / Endowment
3444,Foundation / Endowment
3445,Foundation / Endowment
3446,Foundation / Endowment
3447,Foundation / Endowment
3448,Foundation / Endowment
3452,Foundation / Endowment
3453,Foundation / Endowment
3455,Foundation / Endowment
3456,Foundation / Endowment
3457,Foundation / Endowment
3458,Foundation / Endowment
3459,Public Pension Fund
3460,Foundation / Endowment
3461,Foundation / Endowment
3462,Foundation / Endowment
3463,Foundation / Endowment
3464,Foundation / Endowment
3465,Foundation / Endowment
3466,Foundation / Endowment
3467,Foundation / Endowment
3468,Foundation / Endowment
3469,Foundation / Endowment
3470,Foundation / Endowment
3471,Foundation / Endowment
3472,Foundation / Endowment
3474,Foundation / Endowment
3475,Foundation / Endowment
3476,Foundation / Endowment
3477,Foundation / Endowment
3478,Foundation / Endowment
3479,Foundation / Endowment
3480,Foundation / Endowment
3481,Foundation / Endowment
3482,Foundation / Endowment
3483,Foundation / Endowment
3484,Foundation / Endowment
3485,Foundation / Endowment
3486,Foundation / Endowment
3487,Foundation / Endowment
3488,Foundation / Endowment
3489,Foundation / Endowment
3490,Foundation / Endowment
3491,Foundation / Endowment
3492,Foundation / Endowment
3493,Foundation / Endowment
3494,Foundation / Endowment
3495,Foundation / Endowment
3496,Foundation / Endowment
3497,Foundation / Endowment
3498,Foundation / Endowment
3499,Foundation / Endowment
3500,Foundation / Endowment
3501,Foundation / Endowment
3503,Foundation / Endowment
3504,Foundation / Endowment
3505,Foundation / Endowment
3506,Foundation / Endowment
3507,Foundation / Endowment
3509,Foundation / Endowment
3510,Foundation / Endowment
3511,Foundation / Endowment
3512,Foundation / Endowment
3513,Foundation / Endowment
3515,Foundation / Endowment
3518,Foundation / Endowment
3519,Foundation / Endowment
3520,Foundation / Endowment
3521,Independent Firm
3522,Public Pension Fund
3523,Investment Firm
3524,Foundation / Endowment
3525,Government Related Investment Organisation
3526,Foundation / Endowment
3527,Foundation / Endowment
3528,Bank / Financial Services
3530,Private Pension Fund
3531,Public Pension Fund
3532,Foundation / Endowment
3533,Foundation / Endowment
3534,Foundation / Endowment
3536,Foundation / Endowment
3537,Foundation / Endowment
3538,Public Pension Fund
3539,Insurance Company
3540,Investment Firm
3541,Family Office
3542,Asset Manager
3543,Investment Firm
3546,Government Related Investment Organisation
3548,Investment Firm
3550,Foundation / Endowment
3551,Foundation / Endowment
3553,Public Pension Fund
3555,Asset Manager
3557,Public Pension Fund
3558,Foundation / Endowment
3559,Foundation / Endowment
3560,Foundation / Endowment
3561,Foundation / Endowment
3562,Foundation / Endowment
3563,Foundation / Endowment
3564,Foundation / Endowment
3565,Foundation / Endowment
3566,Foundation / Endowment
3567,Foundation / Endowment
3568,Foundation / Endowment
3569,Foundation / Endowment
3570,Foundation / Endowment
3571,Foundation / Endowment
3572,Foundation / Endowment
3573,Foundation / Endowment
3574,Foundation / Endowment
3575,Foundation / Endowment
3576,Foundation / Endowment
3577,Foundation / Endowment
3578,Foundation / Endowment
3579,Foundation / Endowment
3580,Foundation / Endowment
3581,Foundation / Endowment
3582,Foundation / Endowment
3583,Foundation / Endowment
3584,Foundation / Endowment
3585,Foundation / Endowment
3586,Foundation / Endowment
3587,Foundation / Endowment
3588,Foundation / Endowment
3589,Foundation / Endowment
3590,Foundation / Endowment
3591,Foundation / Endowment
3592,Foundation / Endowment
3593,Foundation / Endowment
3594,Foundation / Endowment
3595,Foundation / Endowment
3596,Foundation / Endowment
3597,Foundation / Endowment
3598,Foundation / Endowment
3599,Foundation / Endowment
3600,Foundation / Endowment
3601,Foundation / Endowment
3602,Foundation / Endowment
3603,Foundation / Endowment
3604,Foundation / Endowment
3605,Foundation / Endowment
3606,Foundation / Endowment
3608,Foundation / Endowment
3609,Foundation / Endowment
3610,Foundation / Endowment
3611,Government Related Investment Organisation
3612,Foundation / Endowment
3616,Foundation / Endowment
3617,Foundation / Endowment
3618,Foundation / Endowment
3619,Family Office
3620,Foundation / Endowment
3621,Foundation / Endowment
3622,Foundation / Endowment
3623,Foundation / Endowment
3624,Foundation / Endowment
3625,Foundation / Endowment
3626,Foundation / Endowment
3627,Corporate
3628,Investment Firm
3630,Public Pension Fund
3632,Public Pension Fund
3633,Public Pension Fund
3634,Public Pension Fund
3636,Corporate
3637,Insurance Company
3638,Foundation / Endowment
3646,Public Pension Fund
3649,Foundation / Endowment
3652,Foundation / Endowment
3653,Foundation / Endowment
3655,Corporate
3656,Government Related Investment Organisation
3657,Insurance Company
3658,Foundation / Endowment
3663,Family Office
3664,Asset Manager
3665,Foundation / Endowment
3666,Foundation / Endowment
3670,Investment Firm
3672,Foundation / Endowment
3674,Family Office
3676,Family Office
3678,Investment Firm
3679,Public Pension Fund
3684,Public Pension Fund
3686,Public Pension Fund
3687,Foundation / Endowment
3688,Investment Firm
3689,Foundation / Endowment
3690,Foundation / Endowment
3692,Foundation / Endowment
3693,Foundation / Endowment
3694,Foundation / Endowment
3695,Corporate
3696,Asset Manager
3697,Foundation / Endowment
3698,Corporate
3699,Foundation / Endowment
3700,Foundation / Endowment
3701,Corporate
3702,Foundation / Endowment
3703,Foundation / Endowment
3704,Foundation / Endowment
3705,Foundation / Endowment
3706,Foundation / Endowment
3707,Foundation / Endowment
3708,Insurance Company
3711,Foundation / Endowment
3712,Foundation / Endowment
3714,Bank / Financial Services
3715,Foundation / Endowment
3722,Insurance Company
3723,Public Pension Fund
3731,Corporate Subsidiary/Division
3736,Family Office
3742,Independent Firm
3746,Asset Manager
3747,Family Office
3748,Foundation / Endowment
3756,Bank / Financial Services
3757,Corporate Subsidiary/Division
3758,Corporate Subsidiary/Division
3763,Public Pension Fund
3764,Family Office
3765,Family Office
3769,Family Office
3770,Foundation / Endowment
3771,Investment Firm
3772,Family Office
3774,Public Pension Fund
3777,Foundation / Endowment
3781,Investment Firm
3787,Private Pension Fund
3788,Private Pension Fund
3789,Investment Firm
3792,Corporate
3796,Family Office
3797,Family Office
3798,Family Office
3800,Family Office
3801,Family Office
3802,Family Office
3803,Family Office
3804,Family Office
3805,Family Office
3806,Family Office
3808,Family Office
3809,Family Office
3810,Family Office
3811,Family Office
3812,Family Office
3813,Family Office
3814,Family Office
3815,Family Office
3817,Family Office
3818,Family Office
3819,Family Office
3820,Family Office
3822,Family Office
3823,Family Office
3825,Family Office
3827,Family Office
3828,Family Office
3829,Family Office
3830,Family Office
3831,Family Office
3832,Family Office
3833,Family Office
3834,Family Office
3835,Family Office
3836,Family Office
3837,Family Office
3838,Family Office
3839,Family Office
3840,Family Office
3841,Family Office
3842,Family Office
3843,Family Office
3844,Family Office
3845,Family Office
3846,Family Office
3847,Family Office
3848,Family Office
3849,Family Office
3850,Family Office
3851,Family Office
3852,Family Office
3853,Family Office
3854,Family Office
3855,Family Office
3856,Family Office
3857,Family Office
3858,Family Office
3859,Investment Firm
3860,Family Office
3861,Family Office
3863,Asset Manager
3864,Family Office
3865,Family Office
3866,Family Office
3867,Family Office
3868,Family Office
3869,Family Office
3873,Family Office
3874,Family Office
3875,Family Office
3877,Family Office
3878,Family Office
3879,Family Office
3880,Family Office
3881,Family Office
3882,Family Office
3883,Family Office
3884,Family Office
3885,Family Office
3886,Family Office
3887,Family Office
3888,Family Office
3889,Family Office
3890,Family Office
3891,Family Office
3892,Investment Firm
3893,Bank / Financial Services
3894,Family Office
3895,Family Office
3896,Investment Firm
3897,Foundation / Endowment
3898,Family Office
3899,Family Office
3900,Family Office
3901,Family Office
3902,Family Office
3903,Family Office
3905,Family Office
3906,Family Office
3907,Family Office
3908,Family Office
3909,Family Office
3911,Family Office
3912,Family Office
3913,Family Office
3914,Family Office
3915,Family Office
3916,Family Office
3917,Family Office
3918,Investment Firm
3919,Family Office
3920,Family Office
3921,Family Office
3922,Family Office
3923,Family Office
3924,Family Office
3925,Family Office
3926,Family Office
3927,Family Office
3928,Family Office
3929,Family Office
3930,Family Office
3931,Family Office
3933,Family Office
3934,Family Office
3935,Family Office
3936,Family Office
3937,Family Office
3938,Family Office
3939,Family Office
3940,Family Office
3941,Family Office
3942,Family Office
3943,Family Office
3944,Family Office
3945,Family Office
3946,Family Office
3947,Family Office
3948,Family Office
3949,Family Office
3950,Family Office
3951,Family Office
3952,Family Office
3953,Family Office
3955,Family Office
3956,Family Office
3957,Family Office
3958,Family Office
3959,Family Office
3960,Family Office
3961,Family Office
3962,Family Office
3963,Family Office
3964,Family Office
3965,Family Office
3966,Family Office
3967,Family Office
3968,Family Office
3969,Family Office
3970,Family Office
3971,Family Office
3972,Family Office
3973,Family Office
3974,Family Office
3975,Family Office
3976,Family Office
3977,Family Office
3978,Family Office
3979,Family Office
3980,Family Office
3981,Family Office
3982,Family Office
3983,Family Office
3985,Family Office
3986,Family Office
3987,Family Office
3988,Family Office
3989,Investment Firm
3990,Family Office
3991,Family Office
3992,Family Office
3993,Family Office
3994,Investment Firm
3995,Family Office
3996,Family Office
3997,Family Office
3998,Investment Firm
3999,Family Office
4000,Family Office
4001,Family Office
4003,Family Office
4004,Family Office
4005,Family Office
4006,Family Office
4007,Family Office
4008,Family Office
4009,Family Office
4010,Family Office
4012,Family Office
4013,Family Office
4014,Family Office
4015,Family Office
4016,Family Office
4017,Family Office
4018,Family Office
4020,Family Office
4021,Family Office
4022,Family Office
4023,Family Office
4024,Family Office
4025,Family Office
4026,Family Office
4027,Family Office
4028,Family Office
4029,Family Office
4030,Family Office
4032,Sovereign Wealth Fund
4034,Family Office
4035,Public Pension Fund
4036,Family Office
4037,Family Office
4038,Family Office
4039,Family Office
4040,Family Office
4041,Family Office
4042,Family Office
4043,Family Office
4044,Foundation / Endowment
4046,Foundation / Endowment
4050,Public Pension Fund
4052,Insurance Company
4053,Foundation / Endowment
4054,Foundation / Endowment
4055,Foundation / Endowment
4057,Insurance Company
4058,Insurance Company
4071,Family Office
4075,Foundation / Endowment
4076,Asset Manager
4077,Gatekeepers
4078,Family Office
4079,Private Pension Fund
4080,Investment Firm
4081,Family Office
4082,Investment Firm
4083,Family Office
4084,Investment Firm
4085,Investment Firm
4086,Investment Firm
4087,Family Office
4088,Investment Firm
4090,Family Office
4091,Family Office
4092,Family Office
4093,Family Office
4094,Family Office
4095,Investment Firm
4096,Investment Firm
4098,Investment Firm
4099,Foundation / Endowment
4102,Family Office
4103,Insurance Company
4104,Independent Firm
4105,Investment Firm
4106,Family Office
4107,Family Office
4108,Family Office
4113,Foundation / Endowment
4114,Foundation / Endowment
4117,Bank / Financial Services
4121,Independent Firm
4124,Corporate
4129,Foundation / Endowment
4132,Corporate Subsidiary/Division
4133,Family Office
4135,Family Office
4136,Investment Firm
4140,Investment Firm
4142,Investment Firm
4143,Investment Firm
4144,Investment Firm
4145,Private Pension Fund
