fm_id,fm_name
6381,Ascent Venture Partners
15168,Fall Line Capital
1671,Star Mountain Capital
19136,Waterfall Asset Management
19143,Goodhart Partners
11984,Pemberton Asset Management
14522,PivotNorth Capital
16237,Coatue Management
14468,FlashStarts
10317,Harmony Partners
19412,Light Street Capital
13173,Luther King Capital Management
5348,Quilvest
12377,Golden Seeds
13554,Orient Securities
8330,Goode Partners
6862,Harbour Group
6701,TPG
19473,Third Prime
18204,PPB Capital Partners
18686,Sonoma Brands
19482,Quake Capital
11995,Precision Capital
16981,Stone-Goff Partners
7673,LS Power Group
19506,U.S. Strategic Capital
11912,Tiger Infrastructure Partners
8459,Riverstone Holdings
5586,KKR
19543,Pangea Blockchain Fund
19546,Seminal Capital Holdings
6650,Providence Equity Partners
19557,King River Capital
17948,OurCrowd
19583,American Capital Partners
17712,FusionX Ventures
19584,Ironside Capital
6681,Silver Lake
18658,Union Lake Auto Partners
17820,ASR Alternative Investments
19601,Race Capital
93,Caisse de dépôt et placement du Québec
12924,Triangle Peak Partners
18385,Hivers and Strivers
17811,NextGen Venture Partners
12825,One Rock Capital Partners
17328,GreenOaks Capital Partners
6490,First Reserve
19624,Overton Venture Capital
14888,Artis Ventures
19628,Shepherd Kaplan Krochuk
7143,HPS Investment Partners
19632,Garnett Station Partners
17720,Betaworks
19635,Hazoor Partners
18474,Halley Venture Partners
19646,Rio Investment Partners
19648,Okta Ventures
18404,Delta-v Capital
19615,New 2nd Capital
19359,Two Sigma
19657,Monarch Alternative Capital
18382,Kairos Ventures
19666,Goldcrest Capital
17065,Aethon Energy Management
7651,Shasta Ventures
19677,Old Line Capital Partners
15789,Susa Ventures
6744,Wilshire Associates
19684,North Base Media
13421,TT Capital Partners
1740,Hall Capital Partners
8314,Cross Creek
19687,Adams Investment Management
16699,Reverence Capital Partners
19688,Orangewood Partners
19694,Jobi Capital
18662,Steelhead Capital Management
7980,Vivo Capital
19702,Nebari Ventures
5588,Oaktree Capital Management
14412,CSL Capital Management
19707,Grit Ventures
17487,Next Coast Ventures
1780,RCP Advisors
19690,Everside
3668,Trillium Asset Management
6844,Ares Management
18357,M25 Group
11468,The Energy & Minerals Group
17453,Rosecliff Ventures
19713,Motus Ventures
15843,Round Hill Music Royalty Partners
19664,M3 Ventures
7846,OCA Ventures
19768,Miraki Innovation
967,HLM Venture Partners
11049,EIG
19791,Enhanced Healthcare Partners
12716,UnityPoint Health
7754,The Riverside Company
18638,Cross Ocean Partners
12841,Azure Capital Partners
13239,Owner Resource Group
19765,Bedrock Capital
19809,EcoR1 Capital
5579,The Carlyle Group
19821,Artist Capital Management
3302,First Republic Bank
19637,Sixth Street
15753,Orkila Capital
8651,Intervale Capital
19824,The Shatter Fund
17630,MGG Investment Group
18409,Parliament Capital Management
18704,Bridging Finance
16455,RISA Partners
7465,Camden Partners
17649,Serve Capital Partners
4310,Vanterra Capital
13878,Beach Point Capital Management
7338,Black Diamond Capital Management
19853,Equality Asset Management
19855,H Venture Partners
17599,Lantern Asset Management
7659,NewSpring Capital
7247,RoundTable Healthcare Partners
8489,NAV.VC
7085,PA Capital
11051,Monroe Capital
2827,GCM Grosvenor
8948,Dominus Capital
19906,RiverPark Funds
19921,Next Ventures
19922,Valedor Partners
11028,GEC
6693,Summit Partners
16182,RedBird Capital Partners
16426,Corrum Capital Management
9345,CAZ Investments
15816,Inspiration Venture
9163,York Capital Management
19948,Delta Capital Partners
6716,Trinity Ventures
7181,Crosslink Capital
6521,Hamilton Lane
11696,Comvest Partners
18488,Cannon Capital
3431,Crestone Capital
6697,TCV
19963,CRCM Ventures
7195,Lincolnshire Management
19970,Fair Capital Partners
18310,Rokk3r Inc.
483,Nuveen
19979,Creative Wealth Media
19980,Charter Capital Partners
19981,The OurInterest Group
17030,8VC
7899,JC Flowers & Co.
13364,Dallas Venture Capital
19993,TitletownTech Management
18670,Capricorn Investment Group
20001,Main Post Advisors
6842,Yorktown Partners
10734,Foundation Energy Management
19442,CAIS Group
9785,SCS Financial Services
954,Goldman Sachs Asset Management
16871,Blue Road Capital
1801,Neuberger Berman Private Markets
17753,Red Dog Capital
20028,GrÃ¸n Ventures
20030,Authentic Ventures
14329,Streamlined Ventures
8096,Apollo Global Management
6386,Audax Group
9296,Prairie Capital Management
20046,MEP Capital
11755,CapitalSpring
18665,Crescent Cove Advisors
20063,13 Ventures
14939,Four Rivers Group
2898,Morgan Creek Capital Management
7906,KSL Capital Partners
18061,Mountain Capital Management
20082,Cambrial Capital
5225,Angelo Gordon
18351,Panoramic Ventures
12778,Divergent Venture Partners
6389,Bain Capital
20097,Schechter Private Capital
6829,H.I.G. Capital
18189,Innovation Global Capital
20114,The House Fund
20135,Red Reef Partners
6468,Edison Partners
9489,Shore Capital Partners
18496,Melody Capital Management
14221,Amino Capital
5611,Blackstone
867,BlackRock
18352,Capital Factory
5613,Cerberus Capital Management
20150,Urban Innovation Fund
20152,Stone Ridge Asset Management
18208,Rosemawr Management
20159,Interplay Ventures
20165,Winslow Capital
20173,Valor Ventures
20175,Sierra Verde Capital
20177,Saluda Grade Ventures
19715,McKinley Capital Management
2161,Barings
8627,Denham Capital Management
16901,Balbec Capital
18935,Entourage Effect Capital
20189,Marchant
20190,Impact Venture Capital
20104,iCapital Network
17947,Closed Loop Partners
19536,National Asset Management
14467,Oberland Capital
5595,Partners Group
8996,Founders Fund
17570,GoldenTree Asset Management
3901,Qualcomm Ventures
10645,FirstMark Capital
20195,Polychain Capital
7091,SEAF
6635,Pathway Capital Management
12635,Satori Capital
19425,Gallacher Capital Management
20270,DigitalDX Ventures
18863,Merida Capital Holdings
17742,Varagon Capital Partners
19117,Canson Capital Partners
6595,Mesirow
16704,AE Industrial Partners
16021,Salesforce Ventures
18378,Essling Capital
20301,Pin Oak Investment Advisors
1079,Bessemer Venture Partners
20305,The Strategic Group
7735,Investcorp
13724,Plus Capital
8396,CarVal Investors
8670,CincyTech
18250,Glean Capital
13078,Fireman Capital Partners
19242,WestRiver Group
20330,CityRock Venture Partners
5576,PineBridge Investments
11029,Anchorage Capital Group
16906,Elephant
7103,Spire Capital Partners
20354,Operate
20363,Brewer Lane Ventures
8612,HGGC
7867,Avista Capital Partners
12622,Kickstart Seed Fund
1762,GoldPoint Partners
6534,Highland Capital Partners
18724,Crayhill Capital Management
18218,Green Bay Ventures
10795,Sterling Investment Partners
6634,Parthenon Capital Partners
16640,Twin Brook Capital Partners
15994,C5 Capital
18017,Hyperplane Venture Capital
13758,Collaborative Fund
12272,Learn Capital
20427,Idealab NY
18588,Monogram Capital Partners
11805,Stripes
20436,Karmel Capital
20438,Royalty Lending Financial Services
20205,3Spoke
20441,Full In Partners
12208,TriplePoint Capital
976,Jefferies Private Capital Group
16825,50 South Capital
7079,Morgan Stanley Capital Partners
12556,Three Valley Copper
19681,Alpha Edison
13465,Wazee Street Capital Management
8163,Palm Beach Capital
1952,BMO Global Asset Management
20457,Goodyear Ventures
20458,Mantra Capital
17700,Liquid 2 Ventures
4297,abrdn
20465,Fathom Capital
20471,Granville Capital
1013,Portfolio Advisors
16813,CIFC
18559,Mirabaud Asset Management
16269,Frontier Growth
20482,415 CAPITAL
16853,Newark Venture Partners
6547,Intermediate Capital Group
16907,Cordillera Investment Partners
12929,Round13 Capital
20522,Hunniwell Lake Ventures
19873,Ericsenz Capital
15318,North Coast Venture
18664,Active Capital
12574,Oak Hill Advisors
20536,&vest
16597,Finistere Ventures
18228,122 West Ventures
20549,Footbridge Partners
20560,Cobro Ventures
6350,Abbott Capital Management
20562,Sortis
20572,Rising Tide
19144,Blu Family Office
13357,ff Venture Capital
17810,Operand Group
6637,Peninsula Capital Partners
12358,Altaris Capital Partners
9432,Czech Asset Management
18085,Lateral Investment Management
7232,Sorenson
20582,Team8
2043,Performance Equity Management
8508,Da Vinci Capital Management
18676,Valuestream Ventures
20587,Galvanized Holdings
20589,LifeSci Capital
10880,RPM Ventures
12129,Victory Park Capital
7765,Centerbridge Partners
15752,New Science Ventures
18350,InTandem Capital Partners
17769,TRP Capital Partners
6359,Adams Street Partners
10222,Khosla Ventures
6761,Endeavour Capital
14438,Pharmakon Advisors
19259,Phyto Partners
20607,MINDSHIFT Capital
16776,Tola Capital
20612,Servco Pacific Capital
10782,Altos Ventures
12886,Claritas Capital
8397,VÃ¤rde Partners
17759,Marblegate Asset Management
11875,TZP Group
6712,TPE Boulder
20621,Evolution
18415,Motive Partners
18476,Wonder Ventures
14648,Miramar Venture Partners
2838,Hirtle Callaghan & Co.
13217,Asset Management Ventures
14946,Progress Ventures
20638,Argon Ventures
18631,Glendower Capital
12191,NXT Capital
15993,Frontline
20659,Indigo Global Advisors
20660,XRC Labs
6610,New Enterprise Associates
17611,Glasswing Ventures
20672,Environmental Commodity Partners
2011,WP Global Partners
5687,JP Morgan Asset Management
914,Commonfund Capital
20714,Longley Capital
6608,Nautic Partners
11425,The Blue Venture Fund
15740,Think+ Ventures
14014,RiverRock Funds
20735,Cold Bore Capital
20736,Statera Capital
6517,Gryphon Investors
20749,STORY3 Capital Partners
8985,IA Capital Group
17763,CoVenture
8174,TSG Consumer Partners
6523,HarbourVest Partners
19866,Fin Venture Capital
19909,Emergent Ventures
8032,Morgan Stanley Alternative Investment Partners
20759,Summit Peak Investments
19418,McGinty Road Partners
16760,Next Frontier Capital
20765,Tomales Bay Capital
20141,Hildred Capital Partners
17668,Savano Capital Partners
18732,Village Global
17837,Acorn Growth Companies
2790,Accolade Partners
20770,Navigate Ventures
1722,Franklin Park
18757,Blue Scorpion Investments
13444,FundersClub
12424,Courage Capital Management
1005,Pantheon
20784,Aviv Growth Partners
17685,SaaStr
15416,Nyca Partners
18563,Orthogon Partners
17042,H.I.G. WhiteHorse
20792,Silverfern Group
6884,AllegisCyber Capital
20804,ETA Equity Management
3479,Homrich Berg
6621,Northstar Capital
6644,Pomona Capital
20807,Willow Growth Partners
20797,Teng Yue Partners
13480,Mucker Capital
20812,Creacion Ventures
17109,Anthemis
16152,H. Barton Asset Management
20819,ACE & Company - DELETE
9033,Housatonic Partners
20822,Harmonic Growth Partners
20832,Greenridge Growth Partners
7847,TowerBrook Capital Partners
17284,True Wind Capital
20838,Private Debt Partners
2138,Bow River Capital
15020,Blue Heron Capital
19429,AXA Venture Partners
13675,Farol Asset Management
20845,9Yards Capital
18127,FinTech Collective
20855,Ono Venture Investment
20856,Lightspring Capital Partners
14134,Merced Capital
20858,New Frontier Capital Management
14372,G20 Ventures
16184,O'Brien-Staley Partners
15821,Convergent Capital
17861,Gemspring Capital
16065,Atlas Peak Capital
14447,Artesian
13375,SSM Partners
12980,Fundamental Advisors
20857,Graham Allen Partners
20878,Sidereal Capital Group
7170,Dubin Clark & Company
20359,Lighthouse Finance
5646,Onex
20880,Forage Capital Partners
16811,Blockchain Capital
10916,NGN Capital
10820,Linden Capital Partners
17675,Talara Capital Management
3944,Brown Advisory
19631,Stronghold Resource Partners
17269,Argand Partners
17474,Innovatus Capital Partners
18030,NextGen Growth Partners
20888,Long Arc Capital
20890,Radial Equity Partners
17059,Bold Capital Partners
20851,Twist Capital
20729,Alta Park Capital
6550,Invesco Private Capital
8397,Värde Partners
20895,Pawson Capital Management
20900,Eagle Point Credit Management
20901,Frazier Group
20434,R7 Partners
20908,Corner Ventures
20914,ethos
20918,Giant Ventures
1337,Blue Owl Capital
5612,TIFF Investment Management
19254,Turning Rock Partners
18016,Middleland Capital
16107,Waterline Ventures
20069,Hudson Structured Capital Management
20929,UnionRock Partners
20885,Rhia Ventures
20930,CompanyFirst Capital
20931,Amberstone Ventures
20935,Periphas Capital
19596,Twenty Two Ventures
20940,Veteran Ventures Capital
20432,Endicott Growth Equity Partners
20941,Evergreen Gavekal
20942,Green Egg Ventures
20181,Good Growth Capital
20946,Castle Island Ventures
17218,SOSV
8361,Upfront Ventures
19592,Durational Capital Management
6643,Polaris Partners
902,Capital Z Partners
19799,Recurring Capital Partners
20774,3L
20951,Kubera Venture Capital
1757,RWB PrivateCapital Emissionshaus AG
18241,Tech Square Ventures
7047,Headline
3659,Klingenstein Fields Wealth Advisors
6524,Harvest Partners
15736,ICONIQ Capital
20957,RTC Partners
6656,Redpoint China Ventures
6536,Horsley Bridge Partners
16009,Perry Creek Capital
20964,Biospring Partners
1333,Golding Capital Partners
6748,WL Ross & Co.
19466,Victress Capital
17559,Sands Capital
20973,Wilshire Lane Capital
20979,Westlake Village Biopartners
20980,TechFarms Capital
20981,The Mendota Group
17132,Sanne Group
20987,Fundamental Global
20988,Primark Capital
20776,Bayshore Capital Advisors
3155,SEI Investments
20166,Manhattan Venture Partners
20999,Alta Resources
21000,Big Basin Capital
19508,Valley Forge Private Equity
21004,MatterScale Ventures
21005,Third Craft
21006,GreenPoint Partners
9333,Crestline Investors
15521,Cloud Equity Group
21010,SQN Venture Partners
21011,SpringRock Ventures
8336,TCW Group
18311,Reciprocal Ventures
8019,Fort Washington Capital Partners Group
16997,SignalFire
21017,Venturi Private Wealth
8437,Kinetic Ventures
17123,Kain Capital
15517,Mosaik Partners
7855,Stonehenge Capital
21018,Huck Capital
17113,AutoTech Ventures
17975,Boyne Capital
13004,SV Angel
21023,ISA Ventures
20727,Third Lake Partners
21027,Prudence Holdings
8272,GEF Capital Partners
14108,BootstrapLabs
17035,Pipeline Capital Partners
7015,Ignition Partners
21042,MKH Capital Partners
13489,Magnetar Capital
21046,iTech Capital
1352,Greywolf Capital Management
19074,Pacific Private Fund Advisors
10995,Castlelake
13351,Enlightenment Capital
10845,Rizvi Traverse Management
21054,Aegis Capital Corp.
5587,Landmark Partners
11412,Peterson Partners
21056,Hack VC
8364,Argosy Capital
21060,Stride Funding
21062,Joseph Gunnar & Company
21067,Metrodora Ventures
8399,Carousel Capital
21074,Nut Tree Capital Management
16550,PennantPark
6400,Berkshire Partners
21080,VT Capital
18481,MetaProp
18875,Black Bay Energy Capital
21081,Wunala Capital
8706,Clearlake Capital Group
21083,Flexis Capital
6579,Littlejohn & Co
12829,New Canaan Funding
12079,Mercato Partners
15468,Lotus Innovations
5903,Brookfield Asset Management
19700,JW Levin Management Partners
14898,FS Investments
20585,Tessera Venture Partners
3453,Tiedemann Advisors
18200,Third Kind Venture Capital
21099,Inceptiv
20852,Mission Driven Capital Partners
17906,Linse Capital
17566,Heroic Ventures
16665,The Hive
14250,Caffeinated Capital
21114,RevRoad
21116,Chisos
20850,Charger Investment Partners
20801,Stage 2 Capital
20842,Integrity Growth Partners
6530,Hellman & Friedman
21129,mHUB
19068,HighGear Ventures
21142,Sleeping Giant Capital
21172,Monachil Capital Partners
21174,Treehouse Global Ventures
15339,The Builders Fund
17697,Primo Ventures
16882,Draper Associates
10203,Milestone Partners
16618,Vendera Resources
21236,Tramway Venture Partners
19935,Park Cities Asset Management
7045,StepStone Group
5591,Warburg Pincus
21284,Mizzen Capital
19483,Cota Capital
21327,Behrens Investment Group
17805,Rev1 Ventures
16713,Activant Capital
6399,Benchmark
21378,United First Partners Fintech
11030,Javelin Venture Partners
1719,SR One
21372,McGeever
18928,Flying Fish Partners
8105,747 Capital
20374,Banneker Partners
16242,Bluestem Capital Company
21393,Atlassian
20848,Aves Capital Management
17625,Fulcrum Capital Holdings
14520,TTV Capital
15642,Monk's Hill Ventures
21415,DelCam Holdings
20093,Presight Capital
21420,Oval Park Capital
13212,Ribbit Capital
21429,Wingspan Capital
21431,ID Fund
21438,Digital Fuel Capital
21126,Stable Asset Management
2445,Twin Bridge Capital Partners
21440,StrataCity Investments
21441,Abstract Ventures
21458,Santa Barbara Venture Partners
21459,Sugar Capital
10920,Gerber Taylor
21463,Impact Investors
6742,William Blair Capital Partners
16872,Freedom 3 Capital
6361,Advent International
21475,Magnetic Ventures
21476,Carnrite Ventures
21478,HBSE Ventures
876,ATP Private Equity Partners
14905,Second Alpha
18504,The Cynosure Group
21479,WSC & Company
7241,Chrysalis Ventures
21480,Clean Feet Investors I
21481,AIM Group
6708,Thomas H. Lee Partners
21482,Lometa Capital Partners
7251,Telesoft Partners
2175,Arcano Asset Management
8673,Healthcare Royalty Partners
4260,Perella Weinberg Partners
19274,Gallatin Point Capital
21502,SteelSky Ventures
17471,Whitehorse Liquidity Partners
14781,Founders Circle Capital
17546,Epiq Capital
19330,Prime Movers Lab
19503,Blue Elephant Capital Management
20991,Crosspoint Capital Partners
21509,Wavemaker Three-Sixty Health
15027,KG Funds Management LLC
8558,Draper Esprit
21514,Cleveland Avenue
20834,ICP Group
21519,Practical Venture Capital
20174,GSV Asset Management
21521,MGV Capital Group
15038,Alternative Investment Management
17885,Allianz Global Investors
21526,Positive Sum Capital
978,Knightsbridge Advisers
1748,Legacy Venture
13488,The Beekman Group
21531,Peakview Capital
21532,Old Three Hundred Capital
13854,Boldstart Ventures
21539,Ag Solutions Capital
15336,Lead Edge Capital
3703,China Ping An Life Insurance
6683,Sofinnova Partners
1470,HQ Capital
8642,Constitution Capital Partners
21084,Ascend Partners
21562,Neo
21564,Valia Ventures
20109,SV Tech Ventures
12209,Boston Seed Capital
17467,The Venture Reality Fund
6486,Fairview Capital Partners
17828,Lavrock Ventures
19370,Jazz Venture Partners
13574,Amplify Partners
6726,VantagePoint Capital Partners
14719,Female Founders Fund
16712,Tyrus Capital
21580,Bread & Butter Ventures
16755,GreatPoint Ventures
11908,Avante Capital Partners
21584,The Lightsmith Group
21590,Chrystal Capital
8103,Aquiline Capital Partners
16957,JZ Partners
6372,Ampersand Capital Partners
18032,Builders VC
19565,Deciens Capital
16011,Rural American Fund
19247,Domain Capital Group
17858,Fifth Wall
19248,Fiera Comox
8263,Diversified Trust
16719,Altitude Life Science Ventures
20847,Provenance
6732,VSS Capital Partners
15048,Corbel Capital Partners
19485,INVL Asset Management
17470,Bronze
6675,Sequoia Capital
6924,WI Harper Group
6379,Arsenal Capital Partners
4186,SoftBank Group Corp.
19319,Craft Ventures
18121,Breakthrough Energy
21630,Cottonwood Technology Fund
21634,Roebling Capital Partners
21637,Sunstone Management
21650,Progress Equity Partners
6456,Credit Suisse Private Equity
19129,Brand Foundry Ventures
18822,TriSpan
19315,Kingfisher Investment Advisors
19705,Space Angels
1885,Stafford Capital Partners
15622,Fluke Venture Partners
11629,Revolution
18194,ICG Advisors
21670,Veripath Partners
21671,Sound Ventures
20289,Starting Line
16467,Atlas Merchant Capital
19269,Day One Ventures
6589,Menlo Ventures
15812,Source Capital
15128,Vast Ventures
21692,Atypical Partner
18449,Butterfly Equity
20421,Imaginary
9820,Verdis Investment Management
21694,Independent Access Partners
21700,GateCap Ventures
21703,BullVC
19843,Teall Capital
6639,Permira Advisers
10998,Continental Grain Company
20352,Motivate Venture Capital
14270,Raven Capital Management
20375,Plexo Capital
19647,Align Capital
18689,Panacea Venture
6783,Bridgepoint
6812,BPEA EQT Asia
17776,Long Hill Capital
15786,Man Global Private Markets
21713,Looking Glass Capital
21714,Altmore Capital
21717,Franklin Hill Capital
21718,Avego Management
21733,Groove Capital
21734,Equity Squared
21736,2.12 Angels
21737,WinStaPro
13451,Bienville Capital
16980,Gatewood Capital Partners
19367,Diversis Capital
21088,Bestige Holdings
20911,Torch Capital
1860,57 Stars
21578,BayPine
14589,New MainStream Capital
13060,Decheng Capital
18892,Sagard
6402,BioVentures MedTech Funds
5584,Fortress Investment Group
19598,Willow Tree Credit Partners
10990,Azalea Capital
21760,MSP Sports Capital
21768,Worden Capital Management
16893,Cherubic Ventures
15045,Siltstone Capital
12869,Corridor Capital
21771,Fifth Down Capital
21772,AFI Capital Partners
17221,Redmile Group
15870,Accelerator Life Science Partners
15121,Solic Capital
18192,Ludlow Ventures
21775,Unovis Asset Management
19413,Warren Equity Partners
7965,Great Point Partners
21776,Building Ventures
14303,Cultivation Capital
17899,Augment Ventures
14638,Navigation Capital Partners
90,Capital Dynamics
21790,Fannin Innovation Studio
21791,Stormbreaker Ventures
19316,Wildcat Venture Partners
6478,EW Healthcare Partners
18279,Anorak Ventures
12809,Compound
13963,Gopher Asset Management
21799,WVV Capital
19960,Prysm Capital
5723,Life Sciences Partners
21802,ORI Capital
13438,Artemis Capital Partners
21806,KittyHawk Ventures
1292,JAFCO Group
19759,Genoa Ventures
18391,Bitkraft
13555,Tikehau Capital
21807,AllerFund
5589,Pegasus Capital Advisors
14407,Excelerate Health Ventures
20416,Heartland Ventures
21814,Raiven Capital
8180,Rosetta Capital Limited
20966,SER Capital
16504,Rockwood Equity Partners
14165,FortÃ© Ventures
21822,Tamarind HIll
892,Bessemer Trust
21829,Energy Transition Ventures
14595,Patriot Financial Partners
15938,TenOneTen Ventures
13095,HighBar Partners
11184,CPE
7614,Roark Capital Group
19158,Energize Ventures
21461,776 Fund Management
20968,Backcast Partners
20310,Concord Health Partners
20755,Tech Pioneers Fund
11017,Ballast Point Ventures
17560,Dundee Venture Capital
17606,Breakout Labs
17758,Madison Capital Funding
17879,Teamworthy Venture
14605,Napier Park Global Capital
3858,Mass General Brigham
21839,Kicker Venture
17492,Orion Energy Partners
14534,Amplify.LA
8953,Metropolitan Partners Group
18423,Meridian Street Capital
19463,Dock Square Capital
21857,Cimarron Healthcare Capital
21858,Noemis Ventures
21859,Claymore Capital Partners
20833,Bracket Capital
17957,SWAT Equity Partners
11,Eurazeo
21860,Assured Healthcare Partners
21862,Mistral Venture Partners
15774,Flashpoint
21866,"MacKinnon, Bennett & Company Inc."
12606,Klass Capital
20068,LAGO Innovation Fund
21101,Patient Square Capital
18084,Moonrise Capital
18753,First Eagle Alternative Credit
16356,McNally Capital
18761,Brighteye Ventures
10139,Cue Ball
19453,Firebolt Ventures
14601,Digital Sky Technologies (DST)
8500,The Sterling Group
13068,Lightstone Ventures
9082,Primary Venture Partners
15764,SineWave Ventures
7236,FFL Partners
21889,Regeneration.VC
21893,Ospraie Management
14068,Salem Investment Partners
18612,Science Inc
18438,Seyen Capital
21898,Bramalea Partners
1277,Bregal Investments
21905,ArrowMark Partners
6477,EQT
5592,"Welsh, Carson, Anderson & Stowe"
21602,SIP Global Partners
7597,Insight Partners
21915,15th Rock Ventures
21916,Red Lane Group
13634,GreenSoil Investments
21919,Avance Investment Management
18123,Camber Creek
21924,GLy Capital Management
21928,GLIN Impact Capital
7604,Kayne Anderson Capital Advisors
21412,Alpha Leonis Partners
6573,LGT Capital Partners
6576,Lightspeed Venture Partners
19339,Cresta Fund Management
21941,3B Future Health
3641,Partners Capital
20171,Soleus Capital
18020,Anzu Partners
21947,Balance Legal Capital
12749,Fulcrum Capital Partners
2248,Aon Pension Fund
14767,Anterra Capital
15833,Spring Mountain Capital
17015,Energy Impact Partners
7190,Thompson Street Capital Partners
8011,Topspin Consumer Partners
19228,Stray Dog Capital
18305,XYZ Ventures
15762,Obvious Ventures
13033,YJ Capital
6780,EV Private Equity
12300,Access Venture Partners
18518,Tri Valley Ventures
8514,CEI Ventures
19870,Great North Ventures
6211,Franklin Templeton Investments
14828,Conversion Capital
21972,Cleo Capital
14535,Stellus Capital Management
8148,Prairie Capital
13477,Sozo Ventures
19660,Framework Venture Partners
9018,Guidepost Growth Equity
8183,Excellere Partners
7082,W Capital Partners
19614,Blue Earth Capital
15959,CircleUp
19709,Stonyrock Partners
1953,Houston Exponential
22015,Formentera Partners
15398,Tamiami Angel Funds
20274,TCG Capital Management
15778,Goodwater Capital
8624,Qiming Venture Partners
4013,Blackstone Strategic Partners
11019,Snow Phipps Group
19041,Sweetwater Private Equity
12199,Crescent Capital Group
14731,SparkLabs Global Ventures
22036,LSV
19081,Arbour Lane Capital Management
8457,Northern Light Venture Capital
7714,Carbon Infrastructure Partners
21279,Acrewood Holdings
7551,Activate Venture Partners
22049,AI Capital
19207,Burlington Capital
3828,Flexstone Partners
17036,Churchill
21094,i80 Group
6371,American Securities
14239,Pacific Investment Management Co. (PIMCO)
20107,Summit Rock Advisors
14052,YIELCO Investments
3671,HighVista Strategies
14785,Seavest Investment Group
15223,Expa
18467,Norland Capital
22066,Sixty8 Capital
20218,Cascade Seed Fund
12887,ESO Fund
17120,LGK Wealth Management
21007,Tecumseh Alternatives
6532,Hg
22075,Stride Consumer
19451,ShangBay Capital
18648,Laconia Capital Group
4257,Millennium Bridge Capital
19420,Satwik Ventures
17330,Flyover Capital
7608,Golub Capital Partners
22104,Ripple Ventures
20196,Telstra Ventures
19555,Contrary Capital
12979,ClearVue Partners
21401,Steward Asset Management
8129,CTI Life Sciences Fund
8410,NGP Energy Capital Management
12900,Insignia Capital Group
5552,Ridge Ventures
19704,Thurston Group
4718,Seven Bridges Advisors
19477,Feenix Venture Partners
7502,Western Technology Investment
19528,Newpath Partners
14929,Alpha Partners
19344,NewView Capital
19778,SixThirty
17792,Tetragon Financial Group
15609,BluePointe Capital Management
17729,Cantos Ventures
18838,Further Global Capital Management
18623,Monta Vista Capital
6572,Lexington Partners
6645,Primus Capital
16932,1776
21967,PSG
22135,OVN Capital
15022,World Innovation Lab
2097,Avadis Vorsorge AG
19287,1984 Ventures
11431,Searchlight Capital Partners
8794,Bay Hills Capital
6354,ABRY Partners
16236,Dentsu Group Inc.
15177,AF Ventures
10630,Solamere Capital
16632,BroadVail Capital Partners
14801,Altimeter Capital Management
17290,Trucks Venture
22151,Pearl Diver Capital
18187,Diagram
16554,GreenSky Capital
22152,BKR Capital
20456,Acrew Capital
5804,Almanac Realty Investors
6715,Trident Capital
7414,5AM Ventures
20423,Entrepreneurial Equity Partners
20984,Aspireon Wealth Advisors
22160,Avenue Growth Partners
22169,Agya Ventures
9400,"CapStone Group, LLC"
18765,TheVentureCity
7298,Leeds Equity Partners
1706,Spur Capital Partners
22187,Academy Investor Network
19864,Circulate Capital
6022,Fiera Capital
14176,Deerpath Capital Management
12667,Persistence Capital Partners
18460,Digital Alpha Advisors
11596,Cordiant Capital
19334,Entrepreneur First
22195,Yellow Point Equity Partners
18443,Crosstimbers Capital Group
14195,Y Combinator
19176,Canyon CLO Advisors
3596,Brandywine Trust Group
6495,Foundation Capital
22201,Ethos Invest
20877,Cordatus Capital
21679,Sycamore Tree Capital Partners
16757,Vistara Growth
20235,GHK Capital Partners
11727,NovaQuest Capital Management
17905,Union Capital
22206,Red Arts Capital
22207,H Venture Capital
19919,InnovaHealth Partners
4574,Lightbank
16797,Powerplant Ventures
9012,Capitala Group
16572,Independent Bankers Capital Funds
22209,Aria Growth Partners
8759,Thoma Bravo
8664,Longitude Capital
14172,Creation Investments
20777,Logos Capital
15757,Arrowroot Capital Management
19779,Aviator Capital Management
19893,Breakwater Management
20091,Griffin Gaming Partners
18300,Princeville Capital
6652,Quad-C Management
7127,MidOcean Partners
8945,Angeleno Group
22218,Screendoor Partners
20365,Aligned Climate Capital
4763,Russell Investments
572,Schroders Capital
20605,Arena Investors
13407,Heartwood Partners
22222,Act One Ventures
22223,Vocap Partners
22225,Renegade Partners
6737,Walden International
6759,Lime Rock Partners
19331,Capital Constellation
20233,Amity Ventures
21087,Kerberos Capital Management
14588,Revelstoke Capital Partners
18915,Sky9 Capital
11035,BMW i Ventures
8414,Centerfield Capital Partners
22259,WestCap
22260,Mammoth Scientific
15462,Muzinich & Co.
19974,Gigafund
17505,NewRoad Capital Partners
22266,Chaac Ventures
11001,Castle Creek Capital
16779,Riata Capital Group
13730,Maven Ventures
7775,New Markets Venture Partners
16848,Reach Capital
19391,Arcadian Capital Management
20021,Goat Rodeo Capital
3122,TrueBridge Capital Partners
16877,Athyrium Capital Management
11447,Top Tier Capital Partners
22267,Blisce
20325,West Monroe
14002,Clarion Capital Partners
18678,GPI Capital
15784,Owl Ventures
19954,ONEVC
14771,Montage Ventures
17779,K2VC
18669,1confirmation
20185,C2 Ventures
20426,Moxxie Ventures
20843,Chapford Capital Group
10954,Jacobs Asset Management
18313,Pivotal BioVenture Partners
14317,Bridge Growth Partners
5471,General Atlantic
9120,Valor Equity Partners
12440,Symphony Technology Group
16854,Phoenix Venture Partners
17334,Martis Capital
3230,BBR Partners
18477,ATW Partners
17661,Kingfish Group
22275,True Equity
1721,Darwin Ventures
8411,Vista Equity Partners
20370,Medalist Partners
15748,March Capital
22276,HighPost Capital
19745,Distributed Global
11885,Eastward Capital Partners
18938,Expanding Capital
17646,BlueArc Mezzanine Partners
6443,Columbia Capital
7629,Metalmark Capital
18301,10Talents Investors
21568,Antler
21294,Vertex Ventures US
8648,Okapi Venture Capital
22278,Sutra Ventures
20579,Generate Capital
7424,RRE Ventures
5838,King Street Capital Management
4928,Marathon Asset Management
22283,Magnify Ventures
11390,Level Equity
13150,Assured Investment Management
16697,Sway Ventures
14773,FullCycle Energy Fund
19307,New Summit Investments
20637,Left Lane Capital
22298,Lowercarbon Capital
18416,Agent Capital
17291,Cormorant Asset Management
22301,Graph Ventures
18314,Boom Capital Ventures
8175,SVB Capital
22303,L'Attitude Ventures
22304,Longevity Vision Fund
16415,Root Ventures
21505,Catalio Capital Management
18277,Berkeley Catalyst Fund
22310,Brown Venture Group
19497,Bling Capital
21041,Big Idea Ventures
22314,Vivalto Partners
18368,Blossom Street Ventures
8589,Generation Investment Management
7913,Levine Leichtman Capital Partners
19616,Cassius
12743,Forum Ventures
1626,MidCoast Capital
22322,Step Ahead Capital
12421,Contour Venture Partners
22323,Voyager Ventures
15243,HoldCo Asset Management
22324,Pacific Avenue Capital Partners
22327,Entrepreneurs Roundtable Accelerator
22330,Smash Ventures
22331,Next Play Capital
22332,Nassau Private Credit
22334,Supply Change Capital
22336,Long Journey Ventures
22337,Aravaipa Ventures
22338,SpaceFund
7122,Yaletown Partners
6692,Sterling Partners
22339,Coyote Ventures
18919,Buenaventure One
5648,GI Partners
22346,Top Harvest Capital
19121,Vesey Street Capital Partners
17708,GSV Ventures
13242,Alvarez & Marsal Capital Partners
7272,Generation Partners
7638,UOB Venture Management
15647,ATX Venture Partners
21096,Tilia
22353,BHMS Investments
22354,Clear Frontier Ag. Management
22355,Starlight Ventures
12740,Hayfin Capital Management
7576,Stone Point Capital
12062,Cycle Capital Management
19214,SLR Capital Partners
22361,Chartline Capital Partners
22363,Bering Capital
22364,Momenta Ventures
22370,Applied Real Intelligence
950,Glenmede
22372,Decasonic
20004,Alpaca VC
22377,Tidemark Capital
18652,Folium Capital
22378,Center Rock Capital Partners
6856,Oak Hill Capital
15068,Stanhope Capital
22237,Leeds Illuminate
22261,Nexa Equity
22382,GrowthCurve Capital
6694,TA Associates
22383,Non Sibi Ventures
14409,Arthur Ventures
18656,Growth Catalyst Partners
15665,DCA Capital Partners
20445,Energy Capital Ventures
6500,Calera Capital
8057,AEA Investors
22385,Myelin
17806,Octagon Credit Investors
20092,Vensana Capital
19399,Ducera Partners
16343,Indicator Ventures
6757,JLL Partners
19633,Elsewhere Partners
19320,Story Ventures
13275,O'Reilly AlphaTech Ventures
21913,Zigg Capital
17519,FTW Ventures
21520,JBV Capital
15104,Plymouth Growth
331,AlpInvest Partners
20134,Tiger Iron Capital
13213,Peak Rock Capital
7935,Industrial Opportunity Partners
12410,Kainos Capital
8077,Clayton Associates
18054,Virgo Investment Group
22403,Ambix Venture Management
17832,JumpStart
15983,Astorius
12637,Multiplier Capital
16484,Delos Capital
6577,Lindsay Goldberg
21641,LongRange Capital
8560,Atlantic Street Capital
17926,Edmond de Rothschild Asset Management
19385,Rockbridge Growth Equity
7799,Frontier Venture Capital
15215,Tritium Partners
7356,KB Partners
18813,Las Olas Venture Capital
8551,Mainsail Partners
22447,Plum Alley Investments
22450,Transform Capital
15238,RUBICON Technology Partners
18162,LL Funds
18482,Zeev Ventures
15333,Capital Midwest Fund
19261,Tree Line Capital Partners
22461,Liberty Strategic Capital
9017,Greycroft
21387,Landseer
22465,Conscience VC
22466,412 Venture Fund
22443,Carbon Direct Capital Management
22473,Charoen Pokphand Group
22479,Refinery Ventures
11004,First Round Capital
22486,S16VC
17005,Right Side Capital Management
19729,Yes VC
19926,Tribe Capital
12674,Brightwood Capital Advisors
20029,Coefficient Capital
7435,Manulife Investment Management
13632,Sequel Holdings
6960,Platinum Equity
18480,Aspect Investors
9051,Century Park Capital Partners
13530,Auldbrass Partners
7753,VenCap International
17033,Switch Ventures
18468,Cibolo Energy Partners
18726,Pantera Capital
6684,Sofinnova Investments
20670,Differential Ventures
16941,Zelnick Media Capital
19450,Dragoneer Investment Group
15972,Leavitt Equity Partners
18930,Nonantum Capital Partners
17308,Proterra Investment Partners
20314,Portfolia
5634,ECP
22495,Catenam Capital
22504,VSC Ventures
13389,Borealis Ventures
18141,Pura Vida Investments
14128,Drive Capital
12708,Atalaya Capital Management
22163,Hedosophia
6558,Kelso & Company
20972,Knox Lane
18734,LightBay Capital
16833,New Water Capital
19160,Nosara Capital
18471,Saybrook Fund Advisors
6673,Sentinel Capital Partners
15086,Avalon Ventures
15417,Relay Investments
8455,Marlin Equity Partners
17215,Luxor Capital Group
20400,Labyrinth Capital Partners
22362,Eastlink Capital
8434,GSR Ventures
14390,Sandton Capital Partners
11996,The Raine Group
22510,Callais Capital Management
14462,Strong Ventures
7671,Tiger Global Management
22511,Aditum Bio
22513,NextEquity Partners
14711,Converge
1733,Chevron Technology Ventures
20826,Ahoy Capital
19987,Iron Edge VC
10821,Rembrandt Venture Partners
16709,Altas Partners
18175,Headlands Asset Management
17618,B Capital Group
8523,Maranon Capital
12164,Ethos Capital
18223,ManchesterStory Group
19065,Kennedy Lewis Investment Management
19643,Shenkman Capital Management
22518,Braemont Capital
16828,High Alpha
13541,Simone Investment Managers
22527,Chatham Asset Management
6497,Francisco Partners
22530,Bettor Capital
13678,Bison Capital Asset Management
22533,Exeter Capital
4060,Cimarron Capital Partners
22534,Influence Media Partners
22539,Ecliptic Capital
22540,Flux Capital
15385,Wavemaker Partners
22541,Trident
22549,Halogen Ventures
8050,Water Street
20315,OceanSound Partners
9108,Stone Arch Capital
22529,Everberg Capital
19972,Ankona Capital
19366,EQUIAM
22552,Blue Field Capital
18794,6 Dimensions Capital
20879,How Women Invest
14335,ACME Capital
7918,Northgate Capital
6463,Threshold Ventures
7700,Spark Capital
13673,Arcmont Asset Management
18672,Scopus Ventures
5614,Avenue Capital Group
5220,Wellington Management Company
6437,"Clayton, Dubilier & Rice"
14001,WM Partners (Japan)
22575,SeaFort Capital
10996,Kinderhook Industries
16971,Precursor Ventures
7425,Ardian
7157,Resource Capital Funds
19532,Activate Capital
19852,Hill Path Capital
6991,Advantage Capital
6531,New Heritage Capital
14582,Sandbridge Capital
19556,aMoon
19708,Acorn Pacific Ventures
18411,Defy.
15340,Glade Brook Capital Partners
11682,500 Global
19953,Novalis LifeSciences
18176,CerraCap Ventures
12409,Ridgemont Equity Partners
19374,Resurgens Technology Partners
8608,Ironwood Capital
14209,Promus Ventures
3822,DeA Capital Alternative Funds SGR
7884,EQ Group
14977,Techstars
19594,LIQID
12130,Correlation Ventures
17796,Afore Capital
16928,H Capital
22631,EnFi
19276,Eversept Partners
19634,Evolution Credit Partners
16198,Boost VC
19894,TIA Ventures
21633,Casdin Capital
6731,Veritas Capital
18408,Archer Venture Capital
8441,Azimuth Capital Management
17632,Semillero Ventures
18339,Haystack Ventures
14481,Red Swan Ventures
21601,Shrug Capital
1665,"MSD Capital, L.P."
20339,Plug and Play Ventures
18650,Spring Lane Capital
22678,Longbow Capital Inc.
6540,IGP
13612,Mercer Investments
9023,Corsair Capital
13429,Dakota Pacific Holdings
22683,Fort Ross Ventures
19288,MBX Capital
12615,Peppertree Capital Management
20408,Primer Sazze Partners
16953,Carnelian Energy Capital
22689,Starship Ventures
11248,Blackford Capital
13629,Signia Venture Partners
16812,Southfield Capital Advisors
16769,Geodesic Capital
12499,Penfund
19384,RevolverCap Partners
11698,Siris Capital Group
19257,Mountain Group Partners
16556,OpenGate Capital
7401,Caltius Capital Management
8400,Eagle Private Capital
8172,Health Enterprise Partners
6891,Sun Capital Partners
10928,Georgian Partners
20360,Liquid Stock
19551,Aero Capital Solutions
6518,GTCR
16972,Pearl Energy Investments
22720,Cross-Border Impact Ventures
14058,Global Brain Corporation
16774,Felix Capital
22735,Accelia Capital
10941,Hollyport Capital
18854,RiverGlade Capital
19393,Tusk Ventures
8908,SK Capital Partners
16913,Lakestar
22739,Korify Capital
20337,Clocktower Technology Ventures
21100,L Capital
15130,Pacific Lake Partners
14665,Kartesia
7169,L Catterton
22747,Sound Bioventures
17561,Sumeru Equity Partners
8629,Bayside Capital
6404,Blue Point Capital Partners
21465,Access Holdings
17273,CourtsideVC
3988,Mill Creek Capital Advisors
13446,Fyrfly Venture Partners
20608,Avenir Growth Capital
11714,San Francisco Equity Partners
22753,Atlantic Park
21612,Hunter Point Capital; HPC
2333,Industry Ventures
15904,Reinventure Capital
13178,Tribeca Venture Partners
6562,Kleiner Perkins
12445,NextView Ventures
20058,Rainfall Ventures
11518,Lerer Hippeau
17600,TriArtisan Capital Advisors
22760,Braes Capital
22761,Dorm Room Fund
21106,Siddhi Capital
17431,Ten Eleven Ventures
17775,True Wealth Ventures
20796,Xplorer Capital
8024,River Cities Capital
11014,Mutual Capital Partners
16740,rocketship.vc
22467,Decibel Partners
22771,S4S Ventures
18700,Hustle Fund
19590,FINTOP Capital
22776,Draft Ventures
21312,Altura Capital
13646,Point Nine
6429,CRV
16331,Hillhouse Capital Group
11547,DC Capital Partners
19472,Interlock Partners
22741,Bentley iTwin Ventures
22589,Chimera Capital
22784,Swiftarc Ventures
20424,Sure Ventures
22233,Dragonfly Capital Partners
7177,Altira Group
20392,Transformation Capital
1393,Pictet Alternative Advisors SA
15754,Album VC
20247,Oceans
21554,Clerisy
8155,OpenView Partners
15969,L Squared Capital Partners
19957,Crossplane Capital
20673,Ardan Equity Partners
17027,DeepWork Capital
19941,Link Ventures
6571,Leonard Green & Partners
22249,Architect Capital
22795,Grafine Partners
6554,JMI Equity
8575,WindRose Health Investors
20199,Trust Ventures
21937,Denali Growth Partners
15487,Vertical Venture Partners
19726,Unshackled Ventures
18947,Presidio View Capital
6872,ArcLight Capital Partners
11259,Crown Capital Partners
22807,Ansa Capital
6782,Cinven
19322,Ehrenkranz Partners
22810,Divergent Wealth Advisors
22811,FourCities Capital
20261,Unusual Ventures
20017,Brick & Mortar Ventures
7620,Storm Ventures
8443,Invest Detroit
18683,Tyche Partners
22818,Innovate Capital Growth
22819,Include Ventures
22822,Collide Capital
15082,Seventure Partners
22824,New Legacy
22825,Majority Search
6680,Siguler Guff
22826,Cadenza
13456,Thayer Ventures
22831,L Capital
19642,Equal Ventures
16994,Clear Ventures
6382,Astorg
8559,Clearview Capital
10829,Mercury Fund
22833,Delos Capital
6373,Apax Partners
16613,Vance Street Capital
22835,Galaxy Digital
11472,Nextech Invest
11916,B Dash Ventures
8120,Treadstone Energy Partners
21896,Clearhaven Partners
22837,Kapor Capital
22838,Scribble Ventures
22607,Coral Tree Partners
19858,Clovis Point Capital
20059,Quaestus Capital Management
14173,Tailwater Capital
12400,WestSummit Capital
22852,Commonweal Ventures
22855,Aera VC
13059,ENIAC Ventures
20907,Tau Ventures
17029,Kline Hill Partners
18558,Congruent Ventures
6721,Updata Partners
22881,LAB Miami Ventures
22883,Embedded Ventures
19382,Fernbrook Capital Management
22884,Lattice Capital
17972,KEEN Venture Partners
22886,Legacy Knight
22890,New Republic Partners
16372,Long Point Capital
19896,Kinzie Capital Partners
7068,Zouk Capital
22895,Harvest Growth Capital
6615,Nordic Capital
13880,Ocean Avenue Capital Partners
6745,Wind Point Partners
22896,Grey Street Capital
18433,Search Fund Partners
22897,Seaport Global
22903,Nanban Ventures
16726,Slow Ventures
21739,Ten Coves Capital
19714,Cofounders Capital
21421,MicroVentures
22905,Coliseum Capital
18298,Lynett Capital
22906,ROBO Global
16014,White Oak Global Advisors
22908,Ion Crossover Partners
22909,Coalition Investment Partners
8295,St. Cloud Capital
17872,Better Ventures
6581,Madison Dearborn Partners
22910,Ottawa Avenue Private Capital
22912,Compass Group Equity Partners
12669,Harlan Capital Partners
8059,Gridiron Capital
22915,Garcia Hamilton & Associates
22916,Blue Vision Capital
12792,Headwater Equity Partners
1643,Mediobanca
19719,Toyota Ventures
13839,Flare Capital Partners
22927,Altera Advisors
22928,Black Founders Matter
22929,Ganas Ventures
22930,Perennial Partners
16304,Bee Partners
18754,SeventySix Capital
22933,Radius Capital Ventures
22934,Company Ventures
22936,Fin Capital
22938,Tacora Capital
19593,Forebright Capital Management
6154,Tishman Speyer
8784,Floodgate
20466,Sterling Road
10858,Andreessen Horowitz
6393,Battery Ventures
18268,NeoTribe Ventures
20259,FreeFlow
14223,LRVHealth
20967,Construct Capital
7283,Rock Creek Capital
19358,Frist Cressey Ventures
20971,Addition
20357,Cresset Partners
21434,Shine Capital
12806,Freestyle Capital
15804,Cowboy Ventures
15404,Future\Perfect Ventures
22953,Medical Excellence Capital
12724,CIC Partners
20738,"Spearhead Capital, LLC"
19119,SDC Capital Partners
19560,GFR Fund
15014,Portland Seed Fund
22962,Long Path Partners
22963,Propel Bio Partners
2861,Fund Evaluation Group
21049,Concrete Rose
20958,Acorn Bioventures
19928,The Artemis Fund
22965,Stonecutter Ventures
20006,Winthrop Square Capital
19441,Kindred Ventures
22966,Distributed Ventures
18617,Rhapsody Venture Partners
22967,Broad Sky Partners
22968,KSV Global
7372,BPOC
14333,Harren Equity Partners
20198,Brighton Park Capital
18602,Dunes Point Capital
18282,Bonfire Ventures
11715,Signet Healthcare Partners
8224,SV Health Investors
22970,Greybull Stewardship
19927,Panache Ventures
22972,Cypher Capital
18894,Morningside Capital Management
22975,GFT Ventures
22978,Clarity Capital Partners
22979,SemperVirens
12759,Cotton Creek Capital
22980,Third Sphere
22981,The General Partnership
10721,Invision Capital
22982,Carthona Capital
7379,Waud Capital Partners
15806,Strattam Capital
13096,Cervin Ventures
8968,Atomico
20136,Canapi Ventures
18735,Azalea Group
22988,Trinity Investors
22993,Power Sustainable
15750,Main Post Partners
16858,Madryn Asset Management
11018,BDT Capital Partners
22994,EJF Capital
22995,Aestus Capital
1627,Montauk TriGuard
9129,First Eagle Investment Management
18201,Tenfore Holding
20814,Arctos Sports Partners
12522,LongueVue Capital
12388,Uncork Capital
22998,Wisdom Ventures
8036,Union Square Ventures
21361,BOND
22999,Rain Capital
16700,Playground Global
23002,Brick Street Capital
12159,SK Ventures
6907,OrbiMed Advisors
19654,Realization Capital Partners
23005,Viridescent Capital
23006,Squadra Ventures
13102,MetLife Investment Management
16778,Blue Collective
21801,Canyon Capital Advisors
12624,Tamarix Capital
2978,ODDO BHF Private Equity
17781,Brixey & Meyer Capital
19627,HighCape Capital
6868,Arlington Capital Partners
14040,Anacapa Partners
20884,Goldfinch Partners
23010,CM Wealth Advisors
19147,Town Hall Ventures
16251,Golden Venture Partners
15960,HealthQuest Capital
22379,Capstar Ventures
23012,AB Health Ventures
8736,Andera Partners
9100,Foundry Group
6376,ARCH Venture Partners
19365,Blue Torch Capital
23014,ARC Group
18781,NFX Capital
18713,Atomic
11636,Altamount Capital Management
23016,Echo River Capital
20203,Red Sea Ventures
18403,Lumerity Capital
14547,Silverton Partners
5867,Sculptor Capital Management
23018,Prelude Ventures
16963,Gamut Capital Management
12917,SaaS Capital
23020,Battle Investment Group
16694,1315 Capital
7949,Millennium Technology Value Partners
10763,Hastings Equity Partners
8152,.406 Ventures
12779,Headlands Capital Management
3652,Jasper Ridge Partners
22918,Goanna Capital
23022,ASH Ventures
23023,Red Iron Group
21015,Petrichor Healthcare Capital Management
12686,Annapolis Capital
17056,White Star Capital
8768,Ninety One plc.
7924,Alterra Private Equity Group
23026,Evok Innovations
23027,Pomerleau Capital
16855,Impact Engine
17511,Brightstar Capital Partners
17061,Soundcore Capital Partners
16174,Bernhard Capital Partners
23029,Lios Partners
23030,TGC Impact
13388,Partners for Growth
23034,Pivotal Life Sciences
23035,Rapha Capital Management
8230,Vintage Investment Partners
14251,Nashville Capital Network
7771,ADM Capital
18914,Domain Capital Advisors
18593,Idea Fund
11223,Illuminate Ventures
6718,Trivest Partners
22272,Continuim Equity Partners
14669,Hauser Private Equity
23047,Halle Capital Management
18256,CULT Capital
17457,Liberty Hall Capital Partners
22428,10T Holdings
23050,WndrCo
14918,Glendon Capital Management
15584,Brightstone Venture Capital
12399,EchoVC Partners
23053,Kin Ventures
7174,Quantum Energy Partners
23054,Amen Capital
21636,Troy Capital Partners
12593,Bullpen Capital
