lp_id,lp_name,,,,,,,,,,,,,,,,,,,,,,,,
1,lmpactAssets,,,,,,,,,,,,,,,,,,,,,,,,
2,John D. and Catherine T. MacArthur Foundation,,,,,,,,,,,,,,,,,,,,,,,,
3,Illinois State Treasurer,,,,,,,,,,,,,,,,,,,,,,,,
4,New York State Common Retirement Fund,,,,,,,,,,,,,,,,,,,,,,,,
5,European Investment Fund,,,,,,,,,,,,,,,,,,,,,,,,
6,Invesco (NYS: IVZ),,,,,,,,,,,,,,,,,,,,,,,,
7,Employees' Retirement Plan of Duke University,,,,,,,,,,,,,,,,,,,,,,,,
8,HarbourVest Partners,,,,,,,,,,,,,,,,,,,,,,,,
9,Michigan Department of Treasury,,,,,,,,,,,,,,,,,,,,,,,,
10,Passport Foundation,,,,,,,,,,,,,,,,,,,,,,,,
11,New Mexico State Investment Council,,,,,,,,,,,,,,,,,,,,,,,,
12,Pennsylvania State Employees' Retirement System,,,,,,,,,,,,,,,,,,,,,,,,
13,SBC Master Pension Trust,,,,,,,,,,,,,,,,,,,,,,,,
14,Bank of America (NYS: BAC),,,,,,,,,,,,,,,,,,,,,,,,
15,Business Development Bank of Canada,,,,,,,,,,,,,,,,,,,,,,,,
16,California Public Employees' Retirement System,,,,,,,,,,,,,,,,,,,,,,,,
17,BOC Capital,,,,,,,,,,,,,,,,,,,,,,,,
18,Cendana Capital,,,,,,,,,,,,,,,,,,,,,,,,
19,Export Development Canada,,,,,,,,,,,,,,,,,,,,,,,,
20,IBM Personal Pension Plan,,,,,,,,,,,,,,,,,,,,,,,,
21,Knightsbridge Advisers,,,,,,,,,,,,,,,,,,,,,,,,
22,liberty Mutual Fire Insurance Company,,,,,,,,,,,,,,,,,,,,,,,,
23,Lincoln Life Assurance Company of Boston,,,,,,,,,,,,,,,,,,,,,,,,
24,Dow Employees' Pension Plan,,,,,,,,,,,,,,,,,,,,,,,,
25,Employers Insurance Company of Wausau,,,,,,,,,,,,,,,,,,,,,,,,
26,Foundry Group,,,,,,,,,,,,,,,,,,,,,,,,
27,George Kaiser Family Foundation,,,,,,,,,,,,,,,,,,,,,,,,
28,Kensington Capital Partners,,,,,,,,,,,,,,,,,,,,,,,,
29,Liberty Mutual Insurance Company,,,,,,,,,,,,,,,,,,,,,,,,
30,Pennsylvania Public School Employees Retirement System,,,,,,,,,,,,,,,,,,,,,,,,
31,Teralys Capital,,,,,,,,,,,,,,,,,,,,,,,,
32,Agilent Technologies Retirement Plan,,,,,,,,,,,,,,,,,,,,,,,,
33,Colorado Public Employees' Retirement Association,,,,,,,,,,,,,,,,,,,,,,,,
34,Fonds de solidarite FTQ,,,,,,,,,,,,,,,,,,,,,,,,
35,Ford Foundation,,,,,,,,,,,,,,,,,,,,,,,,
36,Incline Equity Panners,,,,,,,,,,,,,,,,,,,,,,,,
37,KL Felicitas Foundation,,,,,,,,,,,,,,,,,,,,,,,,
38,Peerless Insurance Company,,,,,,,,,,,,,,,,,,,,,,,,
39,Robert Wood Johnson Foundation,,,,,,,,,,,,,,,,,,,,,,,,
40,State Teachers Retirement System of Ohio,,,,,,,,,,,,,,,,,,,,,,,,
41,The Prudential Insurance Company of America,,,,,,,,,,,,,,,,,,,,,,,,
42,University of Texas Investment Management Company,,,,,,,,,,,,,,,,,,,,,,,,
43,W. K. Kellogg Foundation,,,,,,,,,,,,,,,,,,,,,,,,
44,Agilent Technologies Deferred Profit-Sharing Plan,,,,,,,,,,,,,,,,,,,,,,,,
45,Baxter International and Subsidiaries Pension Trust Account,,,,,,,,,,,,,,,,,,,,,,,,
46,Caisse de depot et placement du Quebec,,,,,,,,,,,,,,,,,,,,,,,,
47,HP Deferred Profit-Sharing Plan,,,,,,,,,,,,,,,,,,,,,,,,
48,HP Pension Plan,,,,,,,,,,,,,,,,,,,,,,,,
49,International Finance Corporation,,,,,,,,,,,,,,,,,,,,,,,,
50,Liberty Insurance Corporation,,,,,,,,,,,,,,,,,,,,,,,,
51,Los Angeles Fire and Police Pension System,,,,,,,,,,,,,,,,,,,,,,,,
52,Minnesota State Board of Investment,,,,,,,,,,,,,,,,,,,,,,,,
53,Rockefeller Foundation,,,,,,,,,,,,,,,,,,,,,,,,
54,State Small Business Credit Initiative,,,,,,,,,,,,,,,,,,,,,,,,
55,University of Michigan Endowment,,,,,,,,,,,,,,,,,,,,,,,,
56,Adams Street Partners,,,,,,,,,,,,,,,,,,,,,,,,
57,Alberta Enterprise,,,,,,,,,,,,,,,,,,,,,,,,
58,Baxter International And Subsidiaries Pension Plan,,,,,,,,,,,,,,,,,,,,,,,,
59,Equitable Financial Life Insurance Company,,,,,,,,,,,,,,,,,,,,,,,,
60,Meketa Investment Group,,,,,,,,,,,,,,,,,,,,,,,,
61,Merseyside Pension Fund,,,,,,,,,,,,,,,,,,,,,,,,
62,North Carolina Retirement Systems,,,,,,,,,,,,,,,,,,,,,,,,
63,Ohio Third Frontier,,,,,,,,,,,,,,,,,,,,,,,,
64,Pension Benefit Guaranty,,,,,,,,,,,,,,,,,,,,,,,,
65,The Goldman Sachs Group (NYS: GS),,,,,,,,,,,,,,,,,,,,,,,,
66,The Penn Mutual Life Insurance Company,,,,,,,,,,,,,,,,,,,,,,,,
67,The Roche Retirement Plan,,,,,,,,,,,,,,,,,,,,,,,,
68,Absolute Private Equity,,,,,,,,,,,,,,,,,,,,,,,,
69,Allegheny County Retirement System,,,,,,,,,,,,,,,,,,,,,,,,
70,Andrew W. Mellon Foundation,,,,,,,,,,,,,,,,,,,,,,,,
71,Baxter International (NVS: BAX),,,,,,,,,,,,,,,,,,,,,,,,
72,Hatteras Funds,,,,,,,,,,,,,,,,,,,,,,,,
73,lnvestissement Quebec,,,,,,,,,,,,,,,,,,,,,,,,
74,John Hancock Financial Services,,,,,,,,,,,,,,,,,,,,,,,,
75,MassMutual Financial Group,,,,,,,,,,,,,,,,,,,,,,,,
76,Prudential Financial (NYS: PRU),,,,,,,,,,,,,,,,,,,,,,,,
77,Regents of the University of California,,,,,,,,,,,,,,,,,,,,,,,,
78,Renaissance Venture Capital,,,,,,,,,,,,,,,,,,,,,,,,
79,The Herbert H. and Grace A. Dow Foundation,,,,,,,,,,,,,,,,,,,,,,,,
80,The Ohio Capital Fund,,,,,,,,,,,,,,,,,,,,,,,,
81,U.S. International Development Finance Corporation,,,,,,,,,,,,,,,,,,,,,,,,
82,Austin Police Retirement System,,,,,,,,,,,,,,,,,,,,,,,,
83,Bodley Group,,,,,,,,,,,,,,,,,,,,,,,,
84,David Weekley Family Foundation,,,,,,,,,,,,,,,,,,,,,,,,
85,Delta Master Trust,,,,,,,,,,,,,,,,,,,,,,,,
86,European Investment Bank,,,,,,,,,,,,,,,,,,,,,,,,
87,FLAG Capital Management,,,,,,,,,,,,,,,,,,,,,,,,
88,FMO- Dutch entrepreneurial development bank,,,,,,,,,,,,,,,,,,,,,,,,
89,Lehman Brothers,,,,,,,,,,,,,,,,,,,,,,,,
90,Massachusetts Pension Reserves Investment Trust,,,,,,,,,,,,,,,,,,,,,,,,
91,Michigan Economic Development,,,,,,,,,,,,,,,,,,,,,,,,
92,New Jersey Economic Development Authority,,,,,,,,,,,,,,,,,,,,,,,,
93,New Orleans Fire Fighters' Pension and Relief Fund,,,,,,,,,,,,,,,,,,,,,,,,
94,New York City Employees' Retirement System,,,,,,,,,,,,,,,,,,,,,,,,
95,Northleaf Capital Partners,,,,,,,,,,,,,,,,,,,,,,,,
96,Northwestern Mutual,,,,,,,,,,,,,,,,,,,,,,,,
97,Ohio Bureau of Workers' Compensation Fund,,,,,,,,,,,,,,,,,,,,,,,,
98,Omaha School Employees' Retirement System,,,,,,,,,,,,,,,,,,,,,,,,
99,Teachers' Retirement System of the City of New York,,,,,,,,,,,,,,,,,,,,,,,,
100,The Community Development Venture Capital Alliance,,,,,,,,,,,,,,,,,,,,,,,,
101,Union Carbide Employees' Pension Plan,,,,,,,,,,,,,,,,,,,,,,,,
102,A.G. Hill Partners,,,,,,,,,,,,,,,,,,,,,,,,
103,Bell Atlantic Master Trust,,,,,,,,,,,,,,,,,,,,,,,,
104,BP Master Trust For Employee Pension Plans,,,,,,,,,,,,,,,,,,,,,,,,
105,DEG,,,,,,,,,,,,,,,,,,,,,,,,
106,Delta Retirement Plan,,,,,,,,,,,,,,,,,,,,,,,,
107,East Riding Pension Fund,,,,,,,,,,,,,,,,,,,,,,,,
108,Employees' Retirement System of the Government of the Commonwealth of Pueto Rico,,,,,,,,,,,,,,,,,,,,,,,,
109,Employees' Retirement System of the State of Hawaii,,,,,,,,,,,,,,,,,,,,,,,,
110,Fairview Capital Partners,,,,,,,,,,,,,,,,,,,,,,,,
111,Federal Insurance Company,,,,,,,,,,,,,,,,,,,,,,,,
112,Fire & Police Pension Association of Colorado,,,,,,,,,,,,,,,,,,,,,,,,
113,Fondaction,,,,,,,,,,,,,,,,,,,,,,,,
114,Fort Washington Capital Partners,,,,,,,,,,,,,,,,,,,,,,,,
115,Genesee County Employees' Retirement System,,,,,,,,,,,,,,,,,,,,,,,,
116,Greater Manchester Pension Fund,,,,,,,,,,,,,,,,,,,,,,,,
117,Illinois Municipal Retirement Fund,,,,,,,,,,,,,,,,,,,,,,,,
118,Kapor Center for Social Impact,,,,,,,,,,,,,,,,,,,,,,,,
119,Los Angeles County Employees' Retirement Association,,,,,,,,,,,,,,,,,,,,,,,,
120,Lucent Technologies Master Pension Trust,,,,,,,,,,,,,,,,,,,,,,,,
121,Lucent Technologies Pension Plan,,,,,,,,,,,,,,,,,,,,,,,,
122,Missouri Department of Transportation and Highway Patrol Employee's Retirement System,,,,,,,,,,,,,,,,,,,,,,,,
123,Ontario Municipal Employees Retirement System,,,,,,,,,,,,,,,,,,,,,,,,
124,Pacific Indemnity Company,,,,,,,,,,,,,,,,,,,,,,,,
125,Partners Group (SWX: PGHN),,,,,,,,,,,,,,,,,,,,,,,,
126,Texas County & District Retirement System,,,,,,,,,,,,,,,,,,,,,,,,
127,The Phoenix Companies Employee Pension Plan,,,,,,,,,,,,,,,,,,,,,,,,
128,Wallace H. Coulter Foundation,,,,,,,,,,,,,,,,,,,,,,,,
129,Wavemaker Partners,,,,,,,,,,,,,,,,,,,,,,,,
130,Accel,,,,,,,,,,,,,,,,,,,,,,,,
131,AT&T Savings Master Trust,,,,,,,,,,,,,,,,,,,,,,,,
132,BJC Pension Plan,,,,,,,,,,,,,,,,,,,,,,,,
133,Bracket Capital,,,,,,,,,,,,,,,,,,,,,,,,
134,Brighthouse Financial (NAS: BHF),,,,,,,,,,,,,,,,,,,,,,,,
135,CDC Group,,,,,,,,,,,,,,,,,,,,,,,,
136,Cisco Investments,,,,,,,,,,,,,,,,,,,,,,,,
137,DeA Capital (MIL: DEA),,,,,,,,,,,,,,,,,,,,,,,,
138,Erie Insurance Exchange,,,,,,,,,,,,,,,,,,,,,,,,
139,Firefighters' Retirement System of Louisiana,,,,,,,,,,,,,,,,,,,,,,,,
140,FM Global,,,,,,,,,,,,,,,,,,,,,,,,
141,Goldman Sachs Asset Management,,,,,,,,,,,,,,,,,,,,,,,,
142,Grable Foundation,,,,,,,,,,,,,,,,,,,,,,,,
143,Guardian Life Insurance Company of America,,,,,,,,,,,,,,,,,,,,,,,,
144,Hamilton Lane (NAS: HLNE),,,,,,,,,,,,,,,,,,,,,,,,
145,Horsley Bridge Partners,,,,,,,,,,,,,,,,,,,,,,,,
146,Illinois State Board of Investment,,,,,,,,,,,,,,,,,,,,,,,,
147,Inter-American Development Bank,,,,,,,,,,,,,,,,,,,,,,,,
148,J. Paul Getty Trust,,,,,,,,,,,,,,,,,,,,,,,,
149,Leland Fikes Foundation,,,,,,,,,,,,,,,,,,,,,,,,
150,Liberty Mutual Retirement Benefit Plan,,,,,,,,,,,,,,,,,,,,,,,,
151,Metropolitan life Insurance Company,,,,,,,,,,,,,,,,,,,,,,,,
152,Minnesota Life Insurance Company,,,,,,,,,,,,,,,,,,,,,,,,
153,MONY Life Insurance Company,,,,,,,,,,,,,,,,,,,,,,,,
154,Nassau Life Insurance Company,,,,,,,,,,,,,,,,,,,,,,,,
155,New Jersey Division of Investment,,,,,,,,,,,,,,,,,,,,,,,,
156,New York City Board of Education Retirement System,,,,,,,,,,,,,,,,,,,,,,,,
157,New York City Fire Department Pension Fund,,,,,,,,,,,,,,,,,,,,,,,,
158,New York City Police Pension Fund,,,,,,,,,,,,,,,,,,,,,,,,
159,New York State Teachers' Retirement System,,,,,,,,,,,,,,,,,,,,,,,,
160,NG DB MT Alternative Investments Fund,,,,,,,,,,,,,,,,,,,,,,,,
161,Northrop Grumman Pension Plan,,,,,,,,,,,,,,,,,,,,,,,,
162,Oregon Community Foundation,,,,,,,,,,,,,,,,,,,,,,,,
163,Oregon Investment Council,,,,,,,,,,,,,,,,,,,,,,,,
164,Physicians Life Insurance Company,,,,,,,,,,,,,,,,,,,,,,,,
165,Physicians Mutual Insurance Company,,,,,,,,,,,,,,,,,,,,,,,,
166,Princeton University Investment Company,,,,,,,,,,,,,,,,,,,,,,,,
167,Propel Capital Network,,,,,,,,,,,,,,,,,,,,,,,,
168,Royal Bank of Canada (TSE: RY),,,,,,,,,,,,,,,,,,,,,,,,
169,Ruth Mott Foundation,,,,,,,,,,,,,,,,,,,,,,,,
170,State of Wisconsin Investment Board,,,,,,,,,,,,,,,,,,,,,,,,
171,Surdna Foundation,,,,,,,,,,,,,,,,,,,,,,,,
172,Teachers' Retirement System of Louisiana,,,,,,,,,,,,,,,,,,,,,,,,
173,The Skell Foundation,,,,,,,,,,,,,,,,,,,,,,,,
174,TIFF Investment Management,,,,,,,,,,,,,,,,,,,,,,,,
175,Utah Capital Investment,,,,,,,,,,,,,,,,,,,,,,,,
176,Vulcan Materials Master Pension Trust Fund,,,,,,,,,,,,,,,,,,,,,,,,
177,Weeden Foundation,,,,,,,,,,,,,,,,,,,,,,,,
178,West Midlands Pension Fund,,,,,,,,,,,,,,,,,,,,,,,,
179,3M Employee Retirement Income Plan,,,,,,,,,,,,,,,,,,,,,,,,
180,Affiliated Pension Plan,,,,,,,,,,,,,,,,,,,,,,,,
181,AP Fonden 3,,,,,,,,,,,,,,,,,,,,,,,,
182,Apple (NAS: AAPL),,,,,,,,,,,,,,,,,,,,,,,,
183,Arkansas Development Finance Authority,,,,,,,,,,,,,,,,,,,,,,,,
184,Arkansas Teacher Retirement System,,,,,,,,,,,,,,,,,,,,,,,,
185,Beacon Aviation Insurance Services,,,,,,,,,,,,,,,,,,,,,,,,
186,Blue Cross and Blue Shield of North Carolina,,,,,,,,,,,,,,,,,,,,,,,,
187,Caterpillar Ventures,,,,,,,,,,,,,,,,,,,,,,,,
188,Charter Township of Shelby Fire & Police Retirement System,,,,,,,,,,,,,,,,,,,,,,,,
189,Cintrifuse,,,,,,,,,,,,,,,,,,,,,,,,
190,Clwyd Pension Fund,,,,,,,,,,,,,,,,,,,,,,,,
191,Cox Enterprises,,,,,,,,,,,,,,,,,,,,,,,,
192,Duke Management Company,,,,,,,,,,,,,,,,,,,,,,,,
193,Finnish Fund for Industrial Cooperation,,,,,,,,,,,,,,,,,,,,,,,,
194,Florida State Board of Administration,,,,,,,,,,,,,,,,,,,,,,,,
195,Fondo de Fondos,,,,,,,,,,,,,,,,,,,,,,,,
196,General Electric Pension Trust,,,,,,,,,,,,,,,,,,,,,,,,
197,General Mills Group Trust - Pooled Private Equity Fund,,,,,,,,,,,,,,,,,,,,,,,,
198,Greenspring Associates,,,,,,,,,,,,,,,,,,,,,,,,
199,Hallador Investment Advisors,,,,,,,,,,,,,,,,,,,,,,,,
200,Headlands Capital,,,,,,,,,,,,,,,,,,,,,,,,
201,HP Inc. Master Trust,,,,,,,,,,,,,,,,,,,,,,,,
202,John Deere Pension Plan For Salaried Employees,,,,,,,,,,,,,,,,,,,,,,,,
203,John Hancock Variable Life Insurance Company,,,,,,,,,,,,,,,,,,,,,,,,
204,John S. and James L. Knight Foundation,,,,,,,,,,,,,,,,,,,,,,,,
205,Kleiner Perkins,,,,,,,,,,,,,,,,,,,,,,,,
206,MailChimp,,,,,,,,,,,,,,,,,,,,,,,,
207,Maryland State Retirement and Pension System,,,,,,,,,,,,,,,,,,,,,,,,
208,Microsoft (NAS: MSFT),,,,,,,,,,,,,,,,,,,,,,,,
209,Morgan Stanley (NYS: MS),,,,,,,,,,,,,,,,,,,,,,,,
210,Mull Capital,,,,,,,,,,,,,,,,,,,,,,,,
211,National Life Insurance Company,,,,,,,,,,,,,,,,,,,,,,,,
212,Nebraska Investment Council,,,,,,,,,,,,,,,,,,,,,,,,
213,New Enterprise Associates,,,,,,,,,,,,,,,,,,,,,,,,
214,New York City Public Pension Funds,,,,,,,,,,,,,,,,,,,,,,,,
215,New York Life Insurance Company,,,,,,,,,,,,,,,,,,,,,,,,
216,Oregon Growth Account,,,,,,,,,,,,,,,,,,,,,,,,
217,Oregon Public Employees Retirement System,,,,,,,,,,,,,,,,,,,,,,,,
218,OXY MRT Consolidated,,,,,,,,,,,,,,,,,,,,,,,,
219,Pacific Life Insurance,,,,,,,,,,,,,,,,,,,,,,,,
220,PayPal Holdings (NAS: PYPL),,,,,,,,,,,,,,,,,,,,,,,,
221,Pennsylvania Department of Community and Economic Development,,,,,,,,,,,,,,,,,,,,,,,,
222,Petro-Hunt Welfare Benefits Plan,,,,,,,,,,,,,,,,,,,,,,,,
223,Pfizer (NYS: PFE),,,,,,,,,,,,,,,,,,,,,,,,
224,PineBridge Investments,,,,,,,,,,,,,,,,,,,,,,,,
225,Plexo Capital,,,,,,,,,,,,,,,,,,,,,,,,
226,PNC Erieview Capital,,,,,,,,,,,,,,,,,,,,,,,,
227,PPL Services Corporation Master Trust,,,,,,,,,,,,,,,,,,,,,,,,
228,Proparco,,,,,,,,,,,,,,,,,,,,,,,,
229,Red Devil Investors,,,,,,,,,,,,,,,,,,,,,,,,
230,Reiman Foundation,,,,,,,,,,,,,,,,,,,,,,,,
231,Rockefeller Brothers Fund,,,,,,,,,,,,,,,,,,,,,,,,
232,Roy A. Hunt Foundation,,,,,,,,,,,,,,,,,,,,,,,,
233,RWB Private Capital Emissionshaus,,,,,,,,,,,,,,,,,,,,,,,,
234,Science Futures,,,,,,,,,,,,,,,,,,,,,,,,
235,Service Life & Casualty Insurance Company,,,,,,,,,,,,,,,,,,,,,,,,
236,Service Lloyds Insurance Company,,,,,,,,,,,,,,,,,,,,,,,,
237,Seven Hound Ventures,,,,,,,,,,,,,,,,,,,,,,,,
238,Sorenson Impact Foundation,,,,,,,,,,,,,,,,,,,,,,,,
239,South Yorkshire Pensions Authority,,,,,,,,,,,,,,,,,,,,,,,,
240,Teachers Retirement System of the State of Illinois,,,,,,,,,,,,,,,,,,,,,,,,
241,The Cleveland Foundation,,,,,,,,,,,,,,,,,,,,,,,,
242,The Nemours Foundation Pension Plan,,,,,,,,,,,,,,,,,,,,,,,,
243,The Ohio State University Endowment,,,,,,,,,,,,,,,,,,,,,,,,
244,The Walt Disney Company Retirement Plan Master Trust,,,,,,,,,,,,,,,,,,,,,,,,
245,The Western and Southern Life Insurance Company,,,,,,,,,,,,,,,,,,,,,,,,
246,The William K. Warren Foundation,,,,,,,,,,,,,,,,,,,,,,,,
247,Top Tier Capital Partners,,,,,,,,,,,,,,,,,,,,,,,,
248,Travelers Indemnity Company,,,,,,,,,,,,,,,,,,,,,,,,
249,Trinity Universal Insurance Company,,,,,,,,,,,,,,,,,,,,,,,,
250,Vintage Investment Partners,,,,,,,,,,,,,,,,,,,,,,,,
251,West Yorkshire Pension Fund,,,,,,,,,,,,,,,,,,,,,,,,
252,ACP Investment Group,,,,,,,,,,,,,,,,,,,,,,,,
253,Aetna Life Insurance Company,,,,,,,,,,,,,,,,,,,,,,,,
254,Alliance Bernstein (NYS: AB),,,,,,,,,,,,,,,,,,,,,,,,
255,Allianz Life Insurance Company of North America,,,,,,,,,,,,,,,,,,,,,,,,
256,Allstate Insurance Company,,,,,,,,,,,,,,,,,,,,,,,,
257,AMK Investment Office,,,,,,,,,,,,,,,,,,,,,,,,
258,Asian Development Bank,,,,,,,,,,,,,,,,,,,,,,,,
259,Auto40wners Insurance Company,,,,,,,,,,,,,,,,,,,,,,,,
260,Autodesk (NAS: ADSK),,,,,,,,,,,,,,,,,,,,,,,,
261,BAESystems Pension Scheme,,,,,,,,,,,,,,,,,,,,,,,,
262,Banco de Comercio Exterior de Colombia,,,,,,,,,,,,,,,,,,,,,,,,
263,Baxter International And Subsidiaries Pension Master Trust,,,,,,,,,,,,,,,,,,,,,,,,
264,Bradley Feld,,,,,,,,,,,,,,,,,,,,,,,,
265,Bruce E. and Robbi S. Toll Foundation,,,,,,,,,,,,,,,,,,,,,,,,
266,Case Western Reserve University Endowment,,,,,,,,,,,,,,,,,,,,,,,,
267,Casey Family Programs,,,,,,,,,,,,,,,,,,,,,,,,
268,COP lnvestissements,,,,,,,,,,,,,,,,,,,,,,,,
269,Ceniarth,,,,,,,,,,,,,,,,,,,,,,,,
270,Charles K. Blandin Foundation,,,,,,,,,,,,,,,,,,,,,,,,
271,Charter Township of Clinton Police and Fire Retirement System,,,,,,,,,,,,,,,,,,,,,,,,
272,Cincinnati Children's Hospital Medical Center,,,,,,,,,,,,,,,,,,,,,,,,
273,City of Southfield Employee Retirement System,,,,,,,,,,,,,,,,,,,,,,,,
274,Colcom Foundation,,,,,,,,,,,,,,,,,,,,,,,,
275,Conversus Capital,,,,,,,,,,,,,,,,,,,,,,,,
276,Corning Pension Plan,,,,,,,,,,,,,,,,,,,,,,,,
277,Credit Suisse (SWX: CSGN),,,,,,,,,,,,,,,,,,,,,,,,
278,Crystal Springs Foundation,,,,,,,,,,,,,,,,,,,,,,,,
279,Daniels Fund,,,,,,,,,,,,,,,,,,,,,,,,
280,David & Carol Myers Foundation,,,,,,,,,,,,,,,,,,,,,,,,
281,David and Inez Myers Foundation,,,,,,,,,,,,,,,,,,,,,,,,
282,David Cummings,,,,,,,,,,,,,,,,,,,,,,,,
283,Duke Energy Corporation Master Trust,,,,,,,,,,,,,,,,,,,,,,,,
284,Eli Lilly (NYS: LLY),,,,,,,,,,,,,,,,,,,,,,,,
285,FCA US Pension Plan,,,,,,,,,,,,,,,,,,,,,,,,
286,Ford Motor Company Master Trust Fund,,,,,,,,,,,,,,,,,,,,,,,,
287,Ford Motor Company Trust Fund Private Equity,,,,,,,,,,,,,,,,,,,,,,,,
288,Gar Foundation,,,,,,,,,,,,,,,,,,,,,,,,
289,General Service Foundation,,,,,,,,,,,,,,,,,,,,,,,,
290,Georgia Tech Foundation,,,,,,,,,,,,,,,,,,,,,,,,
291,Government of Nova Scotia,,,,,,,,,,,,,,,,,,,,,,,,
292,Government of Singapore Investment Corporation(GIC),,,,,,,,,,,,,,,,,,,,,,,,
293,Hartford HealthCare Corporation Defined Benefit Master Trust Agreement,,,,,,,,,,,,,,,,,,,,,,,,
294,Harvard Management Company,,,,,,,,,,,,,,,,,,,,,,,,
295,Hon Hai Precision (TAI: 2317),,,,,,,,,,,,,,,,,,,,,,,,
296,Illinois Growth and Innovation Fund,,,,,,,,,,,,,,,,,,,,,,,,
297,Inasmuch Foundation,,,,,,,,,,,,,,,,,,,,,,,,
298,Indiana Public Retirement System,,,,,,,,,,,,,,,,,,,,,,,,
299,Invest Georgia,,,,,,,,,,,,,,,,,,,,,,,,
300,Iowa Public Employees' Retirement System,,,,,,,,,,,,,,,,,,,,,,,,
301,Iowa West Foundation,,,,,,,,,,,,,,,,,,,,,,,,
302,Jackson National Life Insurance Company (NYS: JXN),,,,,,,,,,,,,,,,,,,,,,,,
303,Kapor Capital,,,,,,,,,,,,,,,,,,,,,,,,
304,Kentucky Public Pensions Authority,,,,,,,,,,,,,,,,,,,,,,,,
305,L3Harris Pension Master Trust,,,,,,,,,,,,,,,,,,,,,,,,
306,Lancashire County Council Pension Fund,,,,,,,,,,,,,,,,,,,,,,,,
307,Libra Foundation,,,,,,,,,,,,,,,,,,,,,,,,
308,Los Angeles City Employees' Retirement System,,,,,,,,,,,,,,,,,,,,,,,,
309,Malaysia Venture Capital Management,,,,,,,,,,,,,,,,,,,,,,,,
310,Masco Corporation Retirement Master Trust,,,,,,,,,,,,,,,,,,,,,,,,
311,McCune Charitable Foundation,,,,,,,,,,,,,,,,,,,,,,,,
312,Merrion Family Trust,,,,,,,,,,,,,,,,,,,,,,,,
313,Meyer Memorial Trust,,,,,,,,,,,,,,,,,,,,,,,,
314,MIT Investment Management Company,,,,,,,,,,,,,,,,,,,,,,,,
315,Molten Ventures (LON: GROW),,,,,,,,,,,,,,,,,,,,,,,,
316,Montana Board of Investments,,,,,,,,,,,,,,,,,,,,,,,,
317,Montgomery County (MD) Employees' Retirement System,,,,,,,,,,,,,,,,,,,,,,,,
318,Nacional Financiera,,,,,,,,,,,,,,,,,,,,,,,,
319,Nestle (SWX: NESN),,,,,,,,,,,,,,,,,,,,,,,,
320,New Mexico Educational Retirement Board,,,,,,,,,,,,,,,,,,,,,,,,
321,New Summit Investments,,,,,,,,,,,,,,,,,,,,,,,,
322,Northeastern University Endowment,,,,,,,,,,,,,,,,,,,,,,,,
323,Nuclear Electric Insurance,,,,,,,,,,,,,,,,,,,,,,,,
324,Oregon Growth Board,,,,,,,,,,,,,,,,,,,,,,,,
325,Pantheon Ventures,,,,,,,,,,,,,,,,,,,,,,,,
326,Park Street Capital,,,,,,,,,,,,,,,,,,,,,,,,
327,Partners Group Private Equity Performance Holding,,,,,,,,,,,,,,,,,,,,,,,,
328,Pivotal Ventures,,,,,,,,,,,,,,,,,,,,,,,,
329,Potenza Capital,,,,,,,,,,,,,,,,,,,,,,,,
330,Princess Private Equity Holding (LON: PEY),,,,,,,,,,,,,,,,,,,,,,,,
331,Private Equity Holding (SWX: PEHN),,,,,,,,,,,,,,,,,,,,,,,,
332,Progress Energy Pension Plans Master Trust,,,,,,,,,,,,,,,,,,,,,,,,
333,Prospect Hill Foundation,,,,,,,,,,,,,,,,,,,,,,,,
334,Richard King Mellon Foundation,,,,,,,,,,,,,,,,,,,,,,,,
335,Richard M. Fairbanks Foundation,,,,,,,,,,,,,,,,,,,,,,,,
336,SAP (ETR: SAP),,,,,,,,,,,,,,,,,,,,,,,,
337,Sequoia Capital,,,,,,,,,,,,,,,,,,,,,,,,
338,Shelby County Retirement System,,,,,,,,,,,,,,,,,,,,,,,,
339,Sidley Austin Master Pension Trust,,,,,,,,,,,,,,,,,,,,,,,,
340,Silicon Valley Community Foundation Endowment Pool,,,,,,,,,,,,,,,,,,,,,,,,
341,Solvay Ventures,,,,,,,,,,,,,,,,,,,,,,,,
342,Spice Private Equity (SWX: SPCEJ,,,,,,,,,,,,,,,,,,,,,,,,
343,Stanford Management Company,,,,,,,,,,,,,,,,,,,,,,,,
344,State of Michigan Retirement Systems,,,,,,,,,,,,,,,,,,,,,,,,
345,State Universities Retirement System,,,,,,,,,,,,,,,,,,,,,,,,
346,Still Water Foundation,,,,,,,,,,,,,,,,,,,,,,,,
347,Suncor Energy (TSE: SU),,,,,,,,,,,,,,,,,,,,,,,,
348,Talcott Resolution Ufe,,,,,,,,,,,,,,,,,,,,,,,,
349,Texas Tech University System Endowment,,,,,,,,,,,,,,,,,,,,,,,,
350,The Aaron Straus & Lillie Straus Foundation,,,,,,,,,,,,,,,,,,,,,,,,
351,The Duke Endowment,,,,,,,,,,,,,,,,,,,,,,,,
352,The F.B. Heron Foundation,,,,,,,,,,,,,,,,,,,,,,,,
353,The Ginger Murchison Foundation,,,,,,,,,,,,,,,,,,,,,,,,
354,The Glenmede Trust Company,,,,,,,,,,,,,,,,,,,,,,,,
355,The Greater Cincinnati Foundation,,,,,,,,,,,,,,,,,,,,,,,,
356,The Isabel Foundation,,,,,,,,,,,,,,,,,,,,,,,,
357,The James Irvine Foundation,,,,,,,,,,,,,,,,,,,,,,,,
358,The Karakin Foundation,,,,,,,,,,,,,,,,,,,,,,,,
359,The Turn er Foundation,,,,,,,,,,,,,,,,,,,,,,,,
360,Transamerica Life Insurance Company,,,,,,,,,,,,,,,,,,,,,,,,
361,University of Richmond Endowment,,,,,,,,,,,,,,,,,,,,,,,,
362,Vancity Credit Union,,,,,,,,,,,,,,,,,,,,,,,,
363,Veritas Pension Insurance,,,,,,,,,,,,,,,,,,,,,,,,
364,Verizon Ventures,,,,,,,,,,,,,,,,,,,,,,,,
365,Vermont Community Foundation,,,,,,,,,,,,,,,,,,,,,,,,
366,Vestcor Investment Management Corporation,,,,,,,,,,,,,,,,,,,,,,,,
367,William H. Miner Foundation,,,,,,,,,,,,,,,,,,,,,,,,
368,"William K. Bowes, Jr. Foundation",,,,,,,,,,,,,,,,,,,,,,,,
369,William T. Grant Foundation,,,,,,,,,,,,,,,,,,,,,,,,
370,Yale University Endowment,,,,,,,,,,,,,,,,,,,,,,,,
371,3M (NYS: MMM),,,,,,,,,,,,,,,,,,,,,,,,
372,50 South Capital Advisors,,,,,,,,,,,,,,,,,,,,,,,,
373,747 Capital,,,,,,,,,,,,,,,,,,,,,,,,
374,Aarin Capital Partners,,,,,,,,,,,,,,,,,,,,,,,,
375,Abbott Capital Management,,,,,,,,,,,,,,,,,,,,,,,,
376,Abbott Laboratories Annuity Retirement Trust,,,,,,,,,,,,,,,,,,,,,,,,
377,Accolade Partners,,,,,,,,,,,,,,,,,,,,,,,,
378,African Development Bank,,,,,,,,,,,,,,,,,,,,,,,,
379,AGC (Tokyo)(TKS: 5201),,,,,,,,,,,,,,,,,,,,,,,,
380,Alaska Permanent Fund,,,,,,,,,,,,,,,,,,,,,,,,
381,Alaska Retirement Management Board,,,,,,,,,,,,,,,,,,,,,,,,
382,Alexandria Venture Investments,,,,,,,,,,,,,,,,,,,,,,,,
383,Allianz Global Risks US Insurance Company,,,,,,,,,,,,,,,,,,,,,,,,
384,Allstate Life Insurance Company,,,,,,,,,,,,,,,,,,,,,,,,
385,Afmenni Pension Fund,,,,,,,,,,,,,,,,,,,,,,,,
386,Alphabet (NAS: GOOGL),,,,,,,,,,,,,,,,,,,,,,,,
387,AmBex Venture Partners,,,,,,,,,,,,,,,,,,,,,,,,
388,American Friends of the Hebrew University Charitable Common Fund,,,,,,,,,,,,,,,,,,,,,,,,
389,American International Group Retirement Plan,,,,,,,,,,,,,,,,,,,,,,,,
390,Andreessen Horowitz,,,,,,,,,,,,,,,,,,,,,,,,
391,Andrew Wright,,,,,,,,,,,,,,,,,,,,,,,,
392,ATS Financial,,,,,,,,,,,,,,,,,,,,,,,,
393,Audible,,,,,,,,,,,,,,,,,,,,,,,,
394,Badger Fund of Funds,,,,,,,,,,,,,,,,,,,,,,,,
395,BAESystems 2000 Pension Plan,,,,,,,,,,,,,,,,,,,,,,,,
396,Barclays (LON: BARC),,,,,,,,,,,,,,,,,,,,,,,,
397,Barry Porter,,,,,,,,,,,,,,,,,,,,,,,,
398,BASF Venture Capital,,,,,,,,,,,,,,,,,,,,,,,,
399,Bekaert Group (BRU: BEKB),,,,,,,,,,,,,,,,,,,,,,,,
400,Belgian Investment Company for Developing Countries,,,,,,,,,,,,,,,,,,,,,,,,
401,Ben Franklin Technology Partner of Southeastern Pennsylvania,,,,,,,,,,,,,,,,,,,,,,,,
402,Bend Foundation,,,,,,,,,,,,,,,,,,,,,,,,
403,Bessemer Venture Partners,,,,,,,,,,,,,,,,,,,,,,,,
404,BMO Financial Group (TSE: BMO),,,,,,,,,,,,,,,,,,,,,,,,
405,Bpifrance,,,,,,,,,,,,,,,,,,,,,,,,
406,Breyer Capital,,,,,,,,,,,,,,,,,,,,,,,,
407,Brian Napack,,,,,,,,,,,,,,,,,,,,,,,,
408,Briggs & Stratton Pension Plan,,,,,,,,,,,,,,,,,,,,,,,,
409,British Columbia Investment Management,,,,,,,,,,,,,,,,,,,,,,,,
410,British Steel Pension Scheme,,,,,,,,,,,,,,,,,,,,,,,,
411,C.M. Life Insurance Company,,,,,,,,,,,,,,,,,,,,,,,,
412,California State Teachers' Retirement System,,,,,,,,,,,,,,,,,,,,,,,,
413,Calvert Impact Capital,,,,,,,,,,,,,,,,,,,,,,,,
414,Cambridge Associates,,,,,,,,,,,,,,,,,,,,,,,,
415,Campbell Soup (NYS: CPB),,,,,,,,,,,,,,,,,,,,,,,,
416,Canterbury Consulting,,,,,,,,,,,,,,,,,,,,,,,,
417,Capricorn Investment Group,,,,,,,,,,,,,,,,,,,,,,,,
418,Carnegie Mellon University Endowment,,,,,,,,,,,,,,,,,,,,,,,,
419,Carpenter Co. Profit-Sharing Plan,,,,,,,,,,,,,,,,,,,,,,,,
420,Carpenters Labor-Management Pension Plan,,,,,,,,,,,,,,,,,,,,,,,,
421,Castellini Group of Companies,,,,,,,,,,,,,,,,,,,,,,,,
422,Cenovus Energy (TSE: CVE),,,,,,,,,,,,,,,,,,,,,,,,
423,Charles Stewart Mott Foundation,,,,,,,,,,,,,,,,,,,,,,,,
424,Children's Hospital Corporation Pension Plan,,,,,,,,,,,,,,,,,,,,,,,,
425,Christian Education Charitable Trust,,,,,,,,,,,,,,,,,,,,,,,,
426,Christopher Dixon,,,,,,,,,,,,,,,,,,,,,,,,
427,Cimarron Capital Partners,,,,,,,,,,,,,,,,,,,,,,,,
428,Citibank Group,,,,,,,,,,,,,,,,,,,,,,,,
429,Citigroup Pension Plan,,,,,,,,,,,,,,,,,,,,,,,,
430,City of Edinburgh Pension Fund,,,,,,,,,,,,,,,,,,,,,,,,
431,City of Grand Rapids Police and Fire Retirement System,,,,,,,,,,,,,,,,,,,,,,,,
432,City of Phoenix Employees Retirement System,,,,,,,,,,,,,,,,,,,,,,,,
433,City of Portland,,,,,,,,,,,,,,,,,,,,,,,,
434,Clarence E. Heller Charitable Foundation,,,,,,,,,,,,,,,,,,,,,,,,
435,Claude Worthington Benedum Foundation,,,,,,,,,,,,,,,,,,,,,,,,
436,Cleveland Bakers and Teamsters Pension Fund,,,,,,,,,,,,,,,,,,,,,,,,
437,CMS Fund Advisers,,,,,,,,,,,,,,,,,,,,,,,,
438,Co-Op Retirement Plan,,,,,,,,,,,,,,,,,,,,,,,,
439,Coller Capital,,,,,,,,,,,,,,,,,,,,,,,,
440,Collins Foundation,,,,,,,,,,,,,,,,,,,,,,,,
441,Compagnia di San Paolo,,,,,,,,,,,,,,,,,,,,,,,,
442,Connecticut General Life Insurance Company,,,,,,,,,,,,,,,,,,,,,,,,
443,Connecticut Retirement Plans and Trust Funds,,,,,,,,,,,,,,,,,,,,,,,,
444,Corus Engineering Steels Pension Scheme,,,,,,,,,,,,,,,,,,,,,,,,
445,Cross Creek,,,,,,,,,,,,,,,,,,,,,,,,
446,Crown Cork & Seal Company Master Retirement,,,,,,,,,,,,,,,,,,,,,,,,
447,Curi,,,,,,,,,,,,,,,,,,,,,,,,
448,Cushman & Wakefield (acquired by DTZ),,,,,,,,,,,,,,,,,,,,,,,,
449,David And Lucile Packard Foundation,,,,,,,,,,,,,,,,,,,,,,,,
450,David Siminoff,,,,,,,,,,,,,,,,,,,,,,,,
451,Desjardins Capital,,,,,,,,,,,,,,,,,,,,,,,,
452,Detroit Diesel,,,,,,,,,,,,,,,,,,,,,,,,
453,Detroit General Retirement System,,,,,,,,,,,,,,,,,,,,,,,,
454,Deutsche Borse Group (ETR: DB1),,,,,,,,,,,,,,,,,,,,,,,,
455,DF Enterprises,,,,,,,,,,,,,,,,,,,,,,,,
456,Dick And Betsy Devos Family Foundation,,,,,,,,,,,,,,,,,,,,,,,,
457,Donald Rosen,,,,,,,,,,,,,,,,,,,,,,,,
458,Dow (t-.VS: DOW),,,,,,,,,,,,,,,,,,,,,,,,
459,Draper Fisher Jurvetson Management,,,,,,,,,,,,,,,,,,,,,,,,
460,Dyson Foundation,,,,,,,,,,,,,,,,,,,,,,,,
461,Eastman Chemical Company Master Retirement Trust,,,,,,,,,,,,,,,,,,,,,,,,
462,Eastman Investment & Employee Stock Ownership Plan,,,,,,,,,,,,,,,,,,,,,,,,
463,Edyth Bush Charitable Foundation,,,,,,,,,,,,,,,,,,,,,,,,
464,Eli Lilly and Company Foundation,,,,,,,,,,,,,,,,,,,,,,,,
465,Emerson Collective,,,,,,,,,,,,,,,,,,,,,,,,
466,Empire State Development,,,,,,,,,,,,,,,,,,,,,,,,
467,Environment Agency Pension Fund,,,,,,,,,,,,,,,,,,,,,,,,
468,Ewing Marion Kauffman Foundation,,,,,,,,,,,,,,,,,,,,,,,,
469,Express Scripts,,,,,,,,,,,,,,,,,,,,,,,,
470,Eye Consultants of Atlanta Profit Sharing Plan and Trust,,,,,,,,,,,,,,,,,,,,,,,,
471,Farm Credit Canada,,,,,,,,,,,,,,,,,,,,,,,,
472,Fidelco Realty Group,,,,,,,,,,,,,,,,,,,,,,,,
473,Find Us Faithful Foundation,,,,,,,,,,,,,,,,,,,,,,,,
474,Fireman's Fund Insurance Company,,,,,,,,,,,,,,,,,,,,,,,,
475,Flinn Foundation,,,,,,,,,,,,,,,,,,,,,,,,
476,Flybridge Capital Partners,,,,,,,,,,,,,,,,,,,,,,,,
477,Foot Locker (NYS: FL),,,,,,,,,,,,,,,,,,,,,,,,
478,Gatsby Charitable Foundation,,,,,,,,,,,,,,,,,,,,,,,,
479,George B. Storer Foundation,,,,,,,,,,,,,,,,,,,,,,,,
480,George Gund Foundation,,,,,,,,,,,,,,,,,,,,,,,,
481,Gill Foundation,,,,,,,,,,,,,,,,,,,,,,,,
482,GingerBread Capital,,,,,,,,,,,,,,,,,,,,,,,,
483,Gordon Crawford,,,,,,,,,,,,,,,,,,,,,,,,
484,Government of Luxembourg,,,,,,,,,,,,,,,,,,,,,,,,
485,Great American Insurance Company,,,,,,,,,,,,,,,,,,,,,,,,
486,Great American Life Insurance,,,,,,,,,,,,,,,,,,,,,,,,
487,Greylock Partners,,,,,,,,,,,,,,,,,,,,,,,,
488,H-E-B Brand Savings & Retirement Plan,,,,,,,,,,,,,,,,,,,,,,,,
489,Hampton University Endowment,,,,,,,,,,,,,,,,,,,,,,,,
490,Hartford Accident and Indemnity Company,,,,,,,,,,,,,,,,,,,,,,,,
491,Hartford Life and Accident Insurance Company,,,,,,,,,,,,,,,,,,,,,,,,
492,Hemendra Kothari,,,,,,,,,,,,,,,,,,,,,,,,
493,Herrick Foundation,,,,,,,,,,,,,,,,,,,,,,,,
494,Hillman Family Foundations,,,,,,,,,,,,,,,,,,,,,,,,
495,Howard Morgan,,,,,,,,,,,,,,,,,,,,,,,,
496,Howard Rowen,,,,,,,,,,,,,,,,,,,,,,,,
497,IHS Markit,,,,,,,,,,,,,,,,,,,,,,,,
498,IKEA Foundation,,,,,,,,,,,,,,,,,,,,,,,,
499,Indiana Public Employees' Defined Benefit Account,,,,,,,,,,,,,,,,,,,,,,,,
500,Industry Ventures,,,,,,,,,,,,,,,,,,,,,,,,
501,lnnotech Investments,,,,,,,,,,,,,,,,,,,,,,,,
502,lnsperity (NYS: NSP),,,,,,,,,,,,,,,,,,,,,,,,
503,Institutional Investment Partners Denmark,,,,,,,,,,,,,,,,,,,,,,,,
504,Interact for Health,,,,,,,,,,,,,,,,,,,,,,,,
505,lshiyama Foundation,,,,,,,,,,,,,,,,,,,,,,,,
506,James and Rebecca Morgan Family Foundation,,,,,,,,,,,,,,,,,,,,,,,,
507,Janet W. McCune for Charities,,,,,,,,,,,,,,,,,,,,,,,,
508,Japan International Cooperation Agency,,,,,,,,,,,,,,,,,,,,,,,,
509,Japan Investment Corporation,,,,,,,,,,,,,,,,,,,,,,,,
510,Jarl Mohn,,,,,,,,,,,,,,,,,,,,,,,,
511,Jeffrey Cowan,,,,,,,,,,,,,,,,,,,,,,,,
512,Jessie Smith Noyes Foundation,,,,,,,,,,,,,,,,,,,,,,,,
513,Jim Wiatt,,,,,,,,,,,,,,,,,,,,,,,,
514,JLL Spark,,,,,,,,,,,,,,,,,,,,,,,,
515,Johnson &Johnson 401(K) Profit Sharing Plan and Trust,,,,,,,,,,,,,,,,,,,,,,,,
516,Joseph S. & Diane H. Steinberg 1992 Charitable Trust,,,,,,,,,,,,,,,,,,,,,,,,
517,JP Morgan Asset Management,,,,,,,,,,,,,,,,,,,,,,,,
518,JPEL Private Equity (LON:JPEL),,,,,,,,,,,,,,,,,,,,,,,,
519,JPMorgan Chase,,,,,,,,,,,,,,,,,,,,,,,,
520,JSR(TKS: 4185),,,,,,,,,,,,,,,,,,,,,,,,
521,Kaiser Permanente Ventures,,,,,,,,,,,,,,,,,,,,,,,,
522,Katherine Mabis Mckenna Foundation,,,,,,,,,,,,,,,,,,,,,,,,
523,Kent County Council Superannuation Fund,,,,,,,,,,,,,,,,,,,,,,,,
524,Kevin Durant,,,,,,,,,,,,,,,,,,,,,,,,
525,KfW Group,,,,,,,,,,,,,,,,,,,,,,,,
526,Kommunal Landspensjonskasse,,,,,,,,,,,,,,,,,,,,,,,,
527,KPN Ventures,,,,,,,,,,,,,,,,,,,,,,,,
528,Lancaster Investments,,,,,,,,,,,,,,,,,,,,,,,,
529,Legacy Venture,,,,,,,,,,,,,,,,,,,,,,,,
530,Life Insurance Company of North America,,,,,,,,,,,,,,,,,,,,,,,,
531,London Pensions Fund Authority,,,,,,,,,,,,,,,,,,,,,,,,
532,Louisiana State Employees' Retirement System,,,,,,,,,,,,,,,,,,,,,,,,
533,M12,,,,,,,,,,,,,,,,,,,,,,,,
534,Maclellan Foundation,,,,,,,,,,,,,,,,,,,,,,,,
535,Mandatum Life,,,,,,,,,,,,,,,,,,,,,,,,
536,Marc Andreessen,,,,,,,,,,,,,,,,,,,,,,,,
537,Mark & Bette Morris Family Foundation,,,,,,,,,,,,,,,,,,,,,,,,
538,Mark Surfas,,,,,,,,,,,,,,,,,,,,,,,,
539,Marsh & Mclennan Companies Master Retirement Trust,,,,,,,,,,,,,,,,,,,,,,,,
540,Marsh & Mclennan Companies Retirement Plan,,,,,,,,,,,,,,,,,,,,,,,,
541,Masdar Capital,,,,,,,,,,,,,,,,,,,,,,,,
542,Mayo Pension Plan,,,,,,,,,,,,,,,,,,,,,,,,
543,Medical Mutual of Ohio,,,,,,,,,,,,,,,,,,,,,,,,
544,Medtronic (Other Healthcare Technology Systems)(NYS:MDT),,,,,,,,,,,,,,,,,,,,,,,,
545,Mercury Fund,,,,,,,,,,,,,,,,,,,,,,,,
546,Metlife Investors USA Insurance Company,,,,,,,,,,,,,,,,,,,,,,,,
547,Michael Lewis,,,,,,,,,,,,,,,,,,,,,,,,
548,Michiyo Yashiro Everard Children's Settlement,,,,,,,,,,,,,,,,,,,,,,,,
549,Michiyo Yashiro Everard Settlement,,,,,,,,,,,,,,,,,,,,,,,,
550,Middlebury College Endowment,,,,,,,,,,,,,,,,,,,,,,,,
551,Mimi And Peter Haas Fund,,,,,,,,,,,,,,,,,,,,,,,,
552,Mistletoe,,,,,,,,,,,,,,,,,,,,,,,,
553,MIT Basic Retirement Plan,,,,,,,,,,,,,,,,,,,,,,,,
554,MIT Retiree Welfare Benefit Trust,,,,,,,,,,,,,,,,,,,,,,,,
555,Mitsubishi HC Capital (TKS: 8593),,,,,,,,,,,,,,,,,,,,,,,,
556,Mizuho Financial Group (TKS: 8411),,,,,,,,,,,,,,,,,,,,,,,,
557,Mubadala Investment Company,,,,,,,,,,,,,,,,,,,,,,,,
558,MUFG Union Bank,,,,,,,,,,,,,,,,,,,,,,,,
559,Municipal Employees Retirement System of louisiana,,,,,,,,,,,,,,,,,,,,,,,,
560,"Museum of Fine Arts, Houston",,,,,,,,,,,,,,,,,,,,,,,,
561,Mutual of Omaha Retirement Income Plan,,,,,,,,,,,,,,,,,,,,,,,,
562,Nashville & Davidson County Metropolitan Government Employee Benefit Trust Fund,,,,,,,,,,,,,,,,,,,,,,,,
563,National Automatic Sprinkler Industry Pension Fund,,,,,,,,,,,,,,,,,,,,,,,,
564,National Electrical Benefit Fund,,,,,,,,,,,,,,,,,,,,,,,,
565,National Railroad Retirement Investment Trust,,,,,,,,,,,,,,,,,,,,,,,,
566,National Union Fire Insurance Company of Pittsburgh,,,,,,,,,,,,,,,,,,,,,,,,
567,Nationwide Mutual Insurance Company,,,,,,,,,,,,,,,,,,,,,,,,
568,Nestle UK Pension Fund,,,,,,,,,,,,,,,,,,,,,,,,
569,Neuberger Berman,,,,,,,,,,,,,,,,,,,,,,,,
570,New Brunswick Innovation Foundation,,,,,,,,,,,,,,,,,,,,,,,,
571,New York City District Council of Carpenters Welfare Fund,,,,,,,,,,,,,,,,,,,,,,,,
572,New York State Nurses Association Pension Plan,,,,,,,,,,,,,,,,,,,,,,,,
573,Next Level Indiana Trust Fund,,,,,,,,,,,,,,,,,,,,,,,,
574,NG DB MT Equity Fund,,,,,,,,,,,,,,,,,,,,,,,,
575,Nicola Wealth,,,,,,,,,,,,,,,,,,,,,,,,
576,Norfund,,,,,,,,,,,,,,,,,,,,,,,,
577,"North Central Heart Institute 401(k) Profit Sharing..,",,,,,,,,,,,,,,,,,,,,,,,,
578,Northern light Venture Capital,,,,,,,,,,,,,,,,,,,,,,,,
579,NZ Growth Capital Partners,,,,,,,,,,,,,,,,,,,,,,,,
580,Oesterreichische Entwicklungsbank,,,,,,,,,,,,,,,,,,,,,,,,
581,Ohio Police & Fire Pension Fund,,,,,,,,,,,,,,,,,,,,,,,,
582,Ohio Public Employees Retirement System,,,,,,,,,,,,,,,,,,,,,,,,
583,Oklahoma Capital Investment Board,,,,,,,,,,,,,,,,,,,,,,,,
584,Overbrook Foundation,,,,,,,,,,,,,,,,,,,,,,,,
585,PA Capital,,,,,,,,,,,,,,,,,,,,,,,,
586,Pacific Western Bank (Los Angeles),,,,,,,,,,,,,,,,,,,,,,,,
587,Pantheon International (LON: PIN),,,,,,,,,,,,,,,,,,,,,,,,
588,Parish Capital Advisors,,,,,,,,,,,,,,,,,,,,,,,,
589,Partners Healthcare Master Trust For ERISAAssets,,,,,,,,,,,,,,,,,,,,,,,,
590,Peierls Foundation,,,,,,,,,,,,,,,,,,,,,,,,
591,Penn Insurance and Annuity Company,,,,,,,,,,,,,,,,,,,,,,,,
592,Pension Plan For Employees of Givaudan,,,,,,,,,,,,,,,,,,,,,,,,
593,Pentegra Defined Benefit Plan for Financial lnstitutions,,,,,,,,,,,,,,,,,,,,,,,,
594,Pepsico (NAS: PEP),,,,,,,,,,,,,,,,,,,,,,,,
595,PFRVentures,,,,,,,,,,,,,,,,,,,,,,,,
596,Philadelphia Board of Pensions and Retirement,,,,,,,,,,,,,,,,,,,,,,,,
597,Philadelphia MuniCtpal Retirement System,,,,,,,,,,,,,,,,,,,,,,,,
598,Physician's Organization at Children's Hospital Welfare Plan,,,,,,,,,,,,,,,,,,,,,,,,
599,Pictet,,,,,,,,,,,,,,,,,,,,,,,,
600,Portage Ventures,,,,,,,,,,,,,,,,,,,,,,,,
601,Potter Employees' Pension Plan,,,,,,,,,,,,,,,,,,,,,,,,
602,Precision Castparts Corporate Master Trust Oefin...,,,,,,,,,,,,,,,,,,,,,,,,
603,Procter and Gamble Master Retirement Plan,,,,,,,,,,,,,,,,,,,,,,,,
604,Progress Investment Management Company,,,,,,,,,,,,,,,,,,,,,,,,
605,Public Safety Personnel Retirement System of the state of Arizona,,,,,,,,,,,,,,,,,,,,,,,,
606,Puerto Rico Telephone Company Master Trust,,,,,,,,,,,,,,,,,,,,,,,,
607,Rasmuson Foundation,,,,,,,,,,,,,,,,,,,,,,,,
608,Ravi Venkatesan,,,,,,,,,,,,,,,,,,,,,,,,
609,Regents of the University of Minnesota,,,,,,,,,,,,,,,,,,,,,,,,
610,Regions Financial Corporation Retirement Plan,,,,,,,,,,,,,,,,,,,,,,,,
611,Reynolds American Defined Benefit Master Trust,,,,,,,,,,,,,,,,,,,,,,,,
612,Rhode Island State Investment Commission,,,,,,,,,,,,,,,,,,,,,,,,
613,"Richard H, Driehaus Foundation",,,,,,,,,,,,,,,,,,,,,,,,
614,Rick Barry,,,,,,,,,,,,,,,,,,,,,,,,
615,RL360 Life Insurance Company,,,,,,,,,,,,,,,,,,,,,,,,
616,Robert Glaser,,,,,,,,,,,,,,,,,,,,,,,,
617,Ronald Conway,,,,,,,,,,,,,,,,,,,,,,,,
618,Rustic Canyon Partners,,,,,,,,,,,,,,,,,,,,,,,,
619,Ryder System Retirement Plan,,,,,,,,,,,,,,,,,,,,,,,,
620,S-Cubed Capital,,,,,,,,,,,,,,,,,,,,,,,,
621,Sampo (HEL: SAMPO),,,,,,,,,,,,,,,,,,,,,,,,
622,San Antonio Fire & Police Pension Fund,,,,,,,,,,,,,,,,,,,,,,,,
623,San Diego City Employees' Retirement System,,,,,,,,,,,,,,,,,,,,,,,,
624,San Francisco Employees' Retirement System,,,,,,,,,,,,,,,,,,,,,,,,
625,Sarona Asset Management,,,,,,,,,,,,,,,,,,,,,,,,
,,,,,,,,,,,,,,,,,,,,,,,,,
,,,,,,,,,,,,,,,,,,,,,,,,,
,,,,,,,,,,,,,,,,,,,,,,,,,
,,,,,,,,,,,,,,,,,,,,,,,,,
,,,,,,,,,,,,,,,,,,,,,,,,,
,,,,,,,,,,,,,,,,,,,,,,,,,
,,,,,,,,,,,,,,,,,,,,,,,,,
,,,,,,,,,,,,,,,,,,,,,,,,,
,,,,,,,,,,,,,,,,,,,,,,,,,
,,,,,,,,,,,,,,,,,,,,,,,,,
,,,,,,,,,,,,,,,,,,,,,,,,,
,,,,,,,,,,,,,,,,,,,,,,,,,
,,,,,,,,,,,,,,,,,,,,,,,,,
,,,,,,,,,,,,,,,,,,,,,,,,,
,,,,,,,,,,,,,,,,,,,,,,,,,
,,,,,,,,,,,,,,,,,,,,,,,,,
,,,,,,,,,,,,,,,,,,,,,,,,,
,,,,,,,,,,,,,,,,,,,,,,,,,
,,,,,,,,,,,,,,,,,,,,,,,,,
,,,,,,,,,,,,,,,,,,,,,,,,,
,,,,,,,,,,,,,,,,,,,,,,,,,
,,,,,,,,,,,,,,,,,,,,,,,,,
,,,,,,,,,,,,,,,,,,,,,,,,,
,,,,,,,,,,,,,,,,,,,,,,,,,
,,,,,,,,,,,,,,,,,,,,,,,,,
,,,,,,,,,,,,,,,,,,,,,,,,,
,,,,,,,,,,,,,,,,,,,,,,,,,
,,,,,,,,,,,,,,,,,,,,,,,,,
,,,,,,,,,,,,,,,,,,,,,,,,,
,,,,,,,,,,,,,,,,,,,,,,,,,
,,,,,,,,,,,,,,,,,,,,,,,,,
,,,,,,,,,,,,,,,,,,,,,,,,,
,,,,,,,,,,,,,,,,,,,,,,,,,
,,,,,,,,,,,,,,,,,,,,,,,,,
,,,,,,,,,,,,,,,,,,,,,,,,,
,,,,,,,,,,,,,,,,,,,,,,,,,
,,,,,,,,,,,,,,,,,,,,,,,,,
,,,,,,,,,,,,,,,,,,,,,,,,,
,,,,,,,,,,,,,,,,,,,,,,,,,
,,,,,,,,,,,,,,,,,,,,,,,,,
,,,,,,,,,,,,,,,,,,,,,,,,,
,,,,,,,,,,,,,,,,,,,,,,,,,
,,,,,,,,,,,,,,,,,,,,,,,,,
,,,,,,,,,,,,,,,,,,,,,,,,,
,,,,,,,,,,,,,,,,,,,,,,,,,
,,,,,,,,,,,,,,,,,,,,,,,,,
,,,,,,,,,,,,,,,,,,,,,,,,,
,,,,,,,,,,,,,,,,,,,,,,,,,
,,,,,,,,,,,,,,,,,,,,,,,,,
,,,,,,,,,,,,,,,,,,,,,,,,,
,,,,,,,,,,,,,,,,,,,,,,,,,
,,,,,,,,,,,,,,,,,,,,,,,,,
,,,,,,,,,,,,,,,,,,,,,,,,,
,,,,,,,,,,,,,,,,,,,,,,,,,
,,,,,,,,,,,,,,,,,,,,,,,,,
,,,,,,,,,,,,,,,,,,,,,,,,,
,,,,,,,,,,,,,,,,,,,,,,,,,
,,,,,,,,,,,,,,,,,,,,,,,,,
,,,,,,,,,,,,,,,,,,,,,,,,,
,,,,,,,,,,,,,,,,,,,,,,,,,
,,,,,,,,,,,,,,,,,,,,,,,,,
,,,,,,,,,,,,,,,,,,,,,,,,,
,,,,,,,,,,,,,,,,,,,,,,,,,
,,,,,,,,,,,,,,,,,,,,,,,,,
,,,,,,,,,,,,,,,,,,,,,,,,,
,,,,,,,,,,,,,,,,,,,,,,,,,
,,,,,,,,,,,,,,,,,,,,,,,,,
,,,,,,,,,,,,,,,,,,,,,,,,,
,,,,,,,,,,,,,,,,,,,,,,,,,
,,,,,,,,,,,,,,,,,,,,,,,,,
,,,,,,,,,,,,,,,,,,,,,,,,,
,,,,,,,,,,,,,,,,,,,,,,,,,
,,,,,,,,,,,,,,,,,,,,,,,,,
,,,,,,,,,,,,,,,,,,,,,,,,,
,,,,,,,,,,,,,,,,,,,,,,,,,
,,,,,,,,,,,,,,,,,,,,,,,,,
,,,,,,,,,,,,,,,,,,,,,,,,,
,,,,,,,,,,,,,,,,,,,,,,,,,
,,,,,,,,,,,,,,,,,,,,,,,,,
,,,,,,,,,,,,,,,,,,,,,,,,,
,,,,,,,,,,,,,,,,,,,,,,,,,
,,,,,,,,,,,,,,,,,,,,,,,,,
,,,,,,,,,,,,,,,,,,,,,,,,,
,,,,,,,,,,,,,,,,,,,,,,,,,
,,,,,,,,,,,,,,,,,,,,,,,,,
,,,,,,,,,,,,,,,,,,,,,,,,,
,,,,,,,,,,,,,,,,,,,,,,,,,
,,,,,,,,,,,,,,,,,,,,,,,,,
,,,,,,,,,,,,,,,,,,,,,,,,,
,,,,,,,,,,,,,,,,,,,,,,,,,
,,,,,,,,,,,,,,,,,,,,,,,,,
,,,,,,,,,,,,,,,,,,,,,,,,,
,,,,,,,,,,,,,,,,,,,,,,,,,
,,,,,,,,,,,,,,,,,,,,,,,,,
,,,,,,,,,,,,,,,,,,,,,,,,,
,,,,,,,,,,,,,,,,,,,,,,,,,
,,,,,,,,,,,,,,,,,,,,,,,,,
,,,,,,,,,,,,,,,,,,,,,,,,,
,,,,,,,,,,,,,,,,,,,,,,,,,
,,,,,,,,,,,,,,,,,,,,,,,,,
,,,,,,,,,,,,,,,,,,,,,,,,,
,,,,,,,,,,,,,,,,,,,,,,,,,
,,,,,,,,,,,,,,,,,,,,,,,,,
,,,,,,,,,,,,,,,,,,,,,,,,,
,,,,,,,,,,,,,,,,,,,,,,,,,
,,,,,,,,,,,,,,,,,,,,,,,,,
,,,,,,,,,,,,,,,,,,,,,,,,,
,,,,,,,,,,,,,,,,,,,,,,,,,
,,,,,,,,,,,,,,,,,,,,,,,,,
,,,,,,,,,,,,,,,,,,,,,,,,,
,,,,,,,,,,,,,,,,,,,,,,,,,
,,,,,,,,,,,,,,,,,,,,,,,,,
,,,,,,,,,,,,,,,,,,,,,,,,,
,,,,,,,,,,,,,,,,,,,,,,,,,
,,,,,,,,,,,,,,,,,,,,,,,,,
,,,,,,,,,,,,,,,,,,,,,,,,,
,,,,,,,,,,,,,,,,,,,,,,,,,
,,,,,,,,,,,,,,,,,,,,,,,,,
,,,,,,,,,,,,,,,,,,,,,,,,,
,,,,,,,,,,,,,,,,,,,,,,,,,
,,,,,,,,,,,,,,,,,,,,,,,,,
,,,,,,,,,,,,,,,,,,,,,,,,,
,,,,,,,,,,,,,,,,,,,,,,,,,
,,,,,,,,,,,,,,,,,,,,,,,,,
,,,,,,,,,,,,,,,,,,,,,,,,,
,,,,,,,,,,,,,,,,,,,,,,,,,
,,,,,,,,,,,,,,,,,,,,,,,,,
,,,,,,,,,,,,,,,,,,,,,,,,,
,,,,,,,,,,,,,,,,,,,,,,,,,
,,,,,,,,,,,,,,,,,,,,,,,,,
,,,,,,,,,,,,,,,,,,,,,,,,,
,,,,,,,,,,,,,,,,,,,,,,,,,
,,,,,,,,,,,,,,,,,,,,,,,,,
,,,,,,,,,,,,,,,,,,,,,,,,,
,,,,,,,,,,,,,,,,,,,,,,,,,
,,,,,,,,,,,,,,,,,,,,,,,,,
,,,,,,,,,,,,,,,,,,,,,,,,,
,,,,,,,,,,,,,,,,,,,,,,,,,
,,,,,,,,,,,,,,,,,,,,,,,,,
,,,,,,,,,,,,,,,,,,,,,,,,,
,,,,,,,,,,,,,,,,,,,,,,,,,
,,,,,,,,,,,,,,,,,,,,,,,,,
,,,,,,,,,,,,,,,,,,,,,,,,,
,,,,,,,,,,,,,,,,,,,,,,,,,
,,,,,,,,,,,,,,,,,,,,,,,,,
,,,,,,,,,,,,,,,,,,,,,,,,,
,,,,,,,,,,,,,,,,,,,,,,,,,
,,,,,,,,,,,,,,,,,,,,,,,,,
,,,,,,,,,,,,,,,,,,,,,,,,,
,,,,,,,,,,,,,,,,,,,,,,,,,
,,,,,,,,,,,,,,,,,,,,,,,,,
,,,,,,,,,,,,,,,,,,,,,,,,,
,,,,,,,,,,,,,,,,,,,,,,,,,
,,,,,,,,,,,,,,,,,,,,,,,,,
,,,,,,,,,,,,,,,,,,,,,,,,,
,,,,,,,,,,,,,,,,,,,,,,,,,
,,,,,,,,,,,,,,,,,,,,,,,,,
,,,,,,,,,,,,,,,,,,,,,,,,,
,,,,,,,,,,,,,,,,,,,,,,,,,
,,,,,,,,,,,,,,,,,,,,,,,,,
,,,,,,,,,,,,,,,,,,,,,,,,,
,,,,,,,,,,,,,,,,,,,,,,,,,
,,,,,,,,,,,,,,,,,,,,,,,,,
,,,,,,,,,,,,,,,,,,,,,,,,,
,,,,,,,,,,,,,,,,,,,,,,,,,
,,,,,,,,,,,,,,,,,,,,,,,,,
,,,,,,,,,,,,,,,,,,,,,,,,,
,,,,,,,,,,,,,,,,,,,,,,,,,
,,,,,,,,,,,,,,,,,,,,,,,,,
,,,,,,,,,,,,,,,,,,,,,,,,,
,,,,,,,,,,,,,,,,,,,,,,,,,
,,,,,,,,,,,,,,,,,,,,,,,,,
,,,,,,,,,,,,,,,,,,,,,,,,,
,,,,,,,,,,,,,,,,,,,,,,,,,
,,,,,,,,,,,,,,,,,,,,,,,,,
,,,,,,,,,,,,,,,,,,,,,,,,,
,,,,,,,,,,,,,,,,,,,,,,,,,
,,,,,,,,,,,,,,,,,,,,,,,,,
,,,,,,,,,,,,,,,,,,,,,,,,,
,,,,,,,,,,,,,,,,,,,,,,,,,
,,,,,,,,,,,,,,,,,,,,,,,,,
,,,,,,,,,,,,,,,,,,,,,,,,,
,,,,,,,,,,,,,,,,,,,,,,,,,
,,,,,,,,,,,,,,,,,,,,,,,,,
,,,,,,,,,,,,,,,,,,,,,,,,,
,,,,,,,,,,,,,,,,,,,,,,,,,
,,,,,,,,,,,,,,,,,,,,,,,,,
,,,,,,,,,,,,,,,,,,,,,,,,,
,,,,,,,,,,,,,,,,,,,,,,,,,
,,,,,,,,,,,,,,,,,,,,,,,,,
,,,,,,,,,,,,,,,,,,,,,,,,,
,,,,,,,,,,,,,,,,,,,,,,,,,
,,,,,,,,,,,,,,,,,,,,,,,,,
,,,,,,,,,,,,,,,,,,,,,,,,,
,,,,,,,,,,,,,,,,,,,,,,,,,
,,,,,,,,,,,,,,,,,,,,,,,,,
,,,,,,,,,,,,,,,,,,,,,,,,,
,,,,,,,,,,,,,,,,,,,,,,,,,
,,,,,,,,,,,,,,,,,,,,,,,,,
,,,,,,,,,,,,,,,,,,,,,,,,,
,,,,,,,,,,,,,,,,,,,,,,,,,
,,,,,,,,,,,,,,,,,,,,,,,,,
,,,,,,,,,,,,,,,,,,,,,,,,,
,,,,,,,,,,,,,,,,,,,,,,,,,
,,,,,,,,,,,,,,,,,,,,,,,,,
,,,,,,,,,,,,,,,,,,,,,,,,,
,,,,,,,,,,,,,,,,,,,,,,,,,
,,,,,,,,,,,,,,,,,,,,,,,,,
,,,,,,,,,,,,,,,,,,,,,,,,,
,,,,,,,,,,,,,,,,,,,,,,,,,
,,,,,,,,,,,,,,,,,,,,,,,,,
,,,,,,,,,,,,,,,,,,,,,,,,,
,,,,,,,,,,,,,,,,,,,,,,,,,
,,,,,,,,,,,,,,,,,,,,,,,,,
,,,,,,,,,,,,,,,,,,,,,,,,,
,,,,,,,,,,,,,,,,,,,,,,,,,
,,,,,,,,,,,,,,,,,,,,,,,,,
,,,,,,,,,,,,,,,,,,,,,,,,,
,,,,,,,,,,,,,,,,,,,,,,,,,
,,,,,,,,,,,,,,,,,,,,,,,,,
,,,,,,,,,,,,,,,,,,,,,,,,,
,,,,,,,,,,,,,,,,,,,,,,,,,
,,,,,,,,,,,,,,,,,,,,,,,,,
,,,,,,,,,,,,,,,,,,,,,,,,,
,,,,,,,,,,,,,,,,,,,,,,,,,
,,,,,,,,,,,,,,,,,,,,,,,,,
,,,,,,,,,,,,,,,,,,,,,,,,,
,,,,,,,,,,,,,,,,,,,,,,,,,
,,,,,,,,,,,,,,,,,,,,,,,,,
,,,,,,,,,,,,,,,,,,,,,,,,,
,,,,,,,,,,,,,,,,,,,,,,,,,
,,,,,,,,,,,,,,,,,,,,,,,,,
,,,,,,,,,,,,,,,,,,,,,,,,,
,,,,,,,,,,,,,,,,,,,,,,,,,
,,,,,,,,,,,,,,,,,,,,,,,,,
,,,,,,,,,,,,,,,,,,,,,,,,,
,,,,,,,,,,,,,,,,,,,,,,,,,
,,,,,,,,,,,,,,,,,,,,,,,,,
,,,,,,,,,,,,,,,,,,,,,,,,,
,,,,,,,,,,,,,,,,,,,,,,,,,
,,,,,,,,,,,,,,,,,,,,,,,,,
,,,,,,,,,,,,,,,,,,,,,,,,,
,,,,,,,,,,,,,,,,,,,,,,,,,
,,,,,,,,,,,,,,,,,,,,,,,,,
,,,,,,,,,,,,,,,,,,,,,,,,,
,,,,,,,,,,,,,,,,,,,,,,,,,
,,,,,,,,,,,,,,,,,,,,,,,,,
,,,,,,,,,,,,,,,,,,,,,,,,,
,,,,,,,,,,,,,,,,,,,,,,,,,
,,,,,,,,,,,,,,,,,,,,,,,,,
,,,,,,,,,,,,,,,,,,,,,,,,,
,,,,,,,,,,,,,,,,,,,,,,,,,
,,,,,,,,,,,,,,,,,,,,,,,,,
,,,,,,,,,,,,,,,,,,,,,,,,,
,,,,,,,,,,,,,,,,,,,,,,,,,
,,,,,,,,,,,,,,,,,,,,,,,,,
,,,,,,,,,,,,,,,,,,,,,,,,,
,,,,,,,,,,,,,,,,,,,,,,,,,
,,,,,,,,,,,,,,,,,,,,,,,,,
,,,,,,,,,,,,,,,,,,,,,,,,,
,,,,,,,,,,,,,,,,,,,,,,,,,
,,,,,,,,,,,,,,,,,,,,,,,,,
,,,,,,,,,,,,,,,,,,,,,,,,,
,,,,,,,,,,,,,,,,,,,,,,,,,
,,,,,,,,,,,,,,,,,,,,,,,,,
,,,,,,,,,,,,,,,,,,,,,,,,,
,,,,,,,,,,,,,,,,,,,,,,,,,
,,,,,,,,,,,,,,,,,,,,,,,,,
,,,,,,,,,,,,,,,,,,,,,,,,,
,,,,,,,,,,,,,,,,,,,,,,,,,
,,,,,,,,,,,,,,,,,,,,,,,,,
,,,,,,,,,,,,,,,,,,,,,,,,,
,,,,,,,,,,,,,,,,,,,,,,,,,
,,,,,,,,,,,,,,,,,,,,,,,,,
,,,,,,,,,,,,,,,,,,,,,,,,,
,,,,,,,,,,,,,,,,,,,,,,,,,
,,,,,,,,,,,,,,,,,,,,,,,,,
,,,,,,,,,,,,,,,,,,,,,,,,,
,,,,,,,,,,,,,,,,,,,,,,,,,
,,,,,,,,,,,,,,,,,,,,,,,,,
,,,,,,,,,,,,,,,,,,,,,,,,,
,,,,,,,,,,,,,,,,,,,,,,,,,
,,,,,,,,,,,,,,,,,,,,,,,,,
,,,,,,,,,,,,,,,,,,,,,,,,,
,,,,,,,,,,,,,,,,,,,,,,,,,
,,,,,,,,,,,,,,,,,,,,,,,,,
,,,,,,,,,,,,,,,,,,,,,,,,,
,,,,,,,,,,,,,,,,,,,,,,,,,
,,,,,,,,,,,,,,,,,,,,,,,,,
,,,,,,,,,,,,,,,,,,,,,,,,,
,,,,,,,,,,,,,,,,,,,,,,,,,
,,,,,,,,,,,,,,,,,,,,,,,,,
,,,,,,,,,,,,,,,,,,,,,,,,,
,,,,,,,,,,,,,,,,,,,,,,,,,
,,,,,,,,,,,,,,,,,,,,,,,,,
,,,,,,,,,,,,,,,,,,,,,,,,,
,,,,,,,,,,,,,,,,,,,,,,,,,
,,,,,,,,,,,,,,,,,,,,,,,,,
,,,,,,,,,,,,,,,,,,,,,,,,,
,,,,,,,,,,,,,,,,,,,,,,,,,
,,,,,,,,,,,,,,,,,,,,,,,,,
,,,,,,,,,,,,,,,,,,,,,,,,,
,,,,,,,,,,,,,,,,,,,,,,,,,
,,,,,,,,,,,,,,,,,,,,,,,,,
,,,,,,,,,,,,,,,,,,,,,,,,,
,,,,,,,,,,,,,,,,,,,,,,,,,
,,,,,,,,,,,,,,,,,,,,,,,,,
,,,,,,,,,,,,,,,,,,,,,,,,,
,,,,,,,,,,,,,,,,,,,,,,,,,
,,,,,,,,,,,,,,,,,,,,,,,,,
,,,,,,,,,,,,,,,,,,,,,,,,,
,,,,,,,,,,,,,,,,,,,,,,,,,
,,,,,,,,,,,,,,,,,,,,,,,,,
,,,,,,,,,,,,,,,,,,,,,,,,,
,,,,,,,,,,,,,,,,,,,,,,,,,
,,,,,,,,,,,,,,,,,,,,,,,,,
,,,,,,,,,,,,,,,,,,,,,,,,,
,,,,,,,,,,,,,,,,,,,,,,,,,
,,,,,,,,,,,,,,,,,,,,,,,,,
,,,,,,,,,,,,,,,,,,,,,,,,,
,,,,,,,,,,,,,,,,,,,,,,,,,
,,,,,,,,,,,,,,,,,,,,,,,,,
,,,,,,,,,,,,,,,,,,,,,,,,,
,,,,,,,,,,,,,,,,,,,,,,,,,
,,,,,,,,,,,,,,,,,,,,,,,,,
,,,,,,,,,,,,,,,,,,,,,,,,,
,,,,,,,,,,,,,,,,,,,,,,,,,
,,,,,,,,,,,,,,,,,,,,,,,,,
,,,,,,,,,,,,,,,,,,,,,,,,,
,,,,,,,,,,,,,,,,,,,,,,,,,
,,,,,,,,,,,,,,,,,,,,,,,,,
,,,,,,,,,,,,,,,,,,,,,,,,,
,,,,,,,,,,,,,,,,,,,,,,,,,
,,,,,,,,,,,,,,,,,,,,,,,,,
,,,,,,,,,,,,,,,,,,,,,,,,,
,,,,,,,,,,,,,,,,,,,,,,,,,
,,,,,,,,,,,,,,,,,,,,,,,,,
,,,,,,,,,,,,,,,,,,,,,,,,,
,,,,,,,,,,,,,,,,,,,,,,,,,
,,,,,,,,,,,,,,,,,,,,,,,,,
,,,,,,,,,,,,,,,,,,,,,,,,,
,,,,,,,,,,,,,,,,,,,,,,,,,
,,,,,,,,,,,,,,,,,,,,,,,,,
,,,,,,,,,,,,,,,,,,,,,,,,,
,,,,,,,,,,,,,,,,,,,,,,,,,
,,,,,,,,,,,,,,,,,,,,,,,,,
,,,,,,,,,,,,,,,,,,,,,,,,,
,,,,,,,,,,,,,,,,,,,,,,,,,
,,,,,,,,,,,,,,,,,,,,,,,,,
,,,,,,,,,,,,,,,,,,,,,,,,,
,,,,,,,,,,,,,,,,,,,,,,,,,
,,,,,,,,,,,,,,,,,,,,,,,,,
,,,,,,,,,,,,,,,,,,,,,,,,,
,,,,,,,,,,,,,,,,,,,,,,,,,
,,,,,,,,,,,,,,,,,,,,,,,,,
,,,,,,,,,,,,,,,,,,,,,,,,,
,,,,,,,,,,,,,,,,,,,,,,,,,
,,,,,,,,,,,,,,,,,,,,,,,,,
,,,,,,,,,,,,,,,,,,,,,,,,,
,,,,,,,,,,,,,,,,,,,,,,,,,
,,,,,,,,,,,,,,,,,,,,,,,,,
,,,,,,,,,,,,,,,,,,,,,,,,,
,,,,,,,,,,,,,,,,,,,,,,,,,
,,,,,,,,,,,,,,,,,,,,,,,,,
,,,,,,,,,,,,,,,,,,,,,,,,,
,,,,,,,,,,,,,,,,,,,,,,,,,
,,,,,,,,,,,,,,,,,,,,,,,,,
,,,,,,,,,,,,,,,,,,,,,,,,,
,,,,,,,,,,,,,,,,,,,,,,,,,
,,,,,,,,,,,,,,,,,,,,,,,,,
,,,,,,,,,,,,,,,,,,,,,,,,,
,,,,,,,,,,,,,,,,,,,,,,,,,